idx,subset,complete,feasible,cert,boxes,peak_queue,max_depth,dom_excl,unresolved,downgrade,secs
2,"(1, 2, 3, 4, 7)",True,0,0,1431,12,14,0,0,,7.8
4,"(1, 2, 3, 4, 9)",True,0,0,1305,14,19,0,0,,7.1
1,"(1, 2, 3, 4, 6)",True,0,0,2953,12,15,0,0,,16.1
3,"(1, 2, 3, 4, 8)",True,1,1,6847,17,29,0,0,,44.4
0,"(1, 2, 3, 4, 5)",True,0,0,9249,17,24,0,0,,50.7
7,"(1, 2, 3, 4, 12)",True,0,0,2233,12,15,0,0,,12.2
5,"(1, 2, 3, 4, 10)",True,1,1,10311,17,25,0,0,,67.1
8,"(1, 2, 3, 4, 13)",True,0,0,7397,14,20,0,0,,40.3
6,"(1, 2, 3, 4, 11)",True,1,1,11287,18,34,0,0,,77.8
11,"(1, 2, 3, 4, 16)",True,0,0,2609,12,17,0,0,,14.1
13,"(1, 2, 3, 4, 18)",True,0,0,1593,10,23,0,0,,8.7
12,"(1, 2, 3, 4, 17)",True,0,0,4261,12,15,0,0,,23.2
15,"(1, 2, 3, 4, 20)",True,0,0,1119,12,14,0,0,,6.0
10,"(1, 2, 3, 4, 15)",True,0,0,9169,18,24,0,0,,49.9
9,"(1, 2, 3, 4, 14)",True,0,0,13719,17,24,0,0,,84.1
17,"(1, 2, 3, 5, 7)",True,0,0,1731,12,13,0,0,,9.4
14,"(1, 2, 3, 4, 19)",True,1,1,4267,17,28,0,0,,28.7
16,"(1, 2, 3, 5, 6)",True,0,0,4185,13,16,0,0,,22.8
19,"(1, 2, 3, 5, 9)",True,0,0,1431,14,20,0,0,,7.8
22,"(1, 2, 3, 5, 12)",True,0,0,2381,13,15,0,0,,12.9
18,"(1, 2, 3, 5, 8)",True,1,1,6699,19,25,0,0,,42.1
23,"(1, 2, 3, 5, 13)",True,0,0,4533,13,16,0,0,,24.6
20,"(1, 2, 3, 5, 10)",True,1,1,9959,18,24,0,0,,63.5
21,"(1, 2, 3, 5, 11)",True,1,1,10261,20,24,0,0,,66.0
26,"(1, 2, 3, 5, 16)",True,0,0,3311,14,17,0,0,,22.6
27,"(1, 2, 3, 5, 17)",True,0,0,4341,13,15,0,0,,25.8
28,"(1, 2, 3, 5, 18)",True,0,0,2181,11,24,0,0,,12.1
30,"(1, 2, 3, 5, 20)",True,0,0,1681,13,17,0,0,,9.1
29,"(1, 2, 3, 5, 19)",True,1,1,4005,17,24,0,0,,25.3
31,"(1, 2, 3, 6, 7)",True,0,0,4637,17,24,0,0,,25.6
32,"(1, 2, 3, 6, 8)",True,0,0,3511,16,20,0,0,,19.0
33,"(1, 2, 3, 6, 9)",True,0,0,2053,17,24,0,0,,11.2
34,"(1, 2, 3, 6, 10)",True,0,0,4349,12,20,0,0,,23.6
35,"(1, 2, 3, 6, 11)",True,0,0,3523,14,18,0,0,,19.1
24,"(1, 2, 3, 5, 14)",True,0,0,18729,20,24,0,0,,129.1
37,"(1, 2, 3, 6, 13)",True,0,0,2793,13,14,0,0,,15.1
36,"(1, 2, 3, 6, 12)",True,0,0,4211,15,24,0,0,,22.9
38,"(1, 2, 3, 6, 14)",True,0,0,4171,13,16,0,0,,22.7
39,"(1, 2, 3, 6, 15)",True,0,0,4447,13,16,0,0,,24.0
25,"(1, 2, 3, 5, 15)",True,1,1,20767,21,29,0,0,,159.4
40,"(1, 2, 3, 6, 16)",True,0,0,5363,16,20,0,0,,29.1
43,"(1, 2, 3, 6, 19)",True,0,0,2299,13,23,0,0,,12.5
41,"(1, 2, 3, 6, 17)",True,0,0,4451,13,15,0,0,,24.2
42,"(1, 2, 3, 6, 18)",True,0,0,3035,16,24,0,0,,16.6
46,"(1, 2, 3, 7, 9)",True,0,0,1497,18,24,0,0,,8.1
45,"(1, 2, 3, 7, 8)",True,0,0,1727,15,18,0,0,,9.3
47,"(1, 2, 3, 7, 10)",True,0,0,1803,12,17,0,0,,9.7
48,"(1, 2, 3, 7, 11)",True,0,0,1735,17,18,0,0,,9.4
50,"(1, 2, 3, 7, 13)",True,0,0,1259,10,12,0,0,,6.8
44,"(1, 2, 3, 6, 20)",True,0,0,4673,16,20,0,0,,25.4
49,"(1, 2, 3, 7, 12)",True,0,0,3239,16,24,0,0,,17.5
51,"(1, 2, 3, 7, 14)",True,0,0,1739,12,13,0,0,,9.5
52,"(1, 2, 3, 7, 15)",True,0,0,1865,13,14,0,0,,10.1
56,"(1, 2, 3, 7, 19)",True,0,0,1083,11,20,0,0,,5.8
53,"(1, 2, 3, 7, 16)",True,0,0,2683,14,18,0,0,,14.6
55,"(1, 2, 3, 7, 18)",True,0,0,2261,16,24,0,0,,14.1
54,"(1, 2, 3, 7, 17)",True,0,0,2659,13,15,0,0,,14.5
57,"(1, 2, 3, 7, 20)",True,0,0,2361,14,15,0,0,,12.8
58,"(1, 2, 3, 8, 9)",True,1,1,2217,17,25,0,0,,14.4
61,"(1, 2, 3, 8, 12)",True,0,0,1727,14,18,0,0,,9.4
59,"(1, 2, 3, 8, 10)",True,1,1,5475,17,25,0,0,,35.4
62,"(1, 2, 3, 8, 13)",True,1,1,5879,16,24,0,0,,38.6
63,"(1, 2, 3, 8, 14)",True,1,1,7359,18,24,0,0,,46.4
64,"(1, 2, 3, 8, 15)",True,1,1,6619,19,24,0,0,,41.7
67,"(1, 2, 3, 8, 18)",True,0,0,291,7,11,0,0,,1.5
65,"(1, 2, 3, 8, 16)",True,1,1,4417,20,25,0,0,,28.5
66,"(1, 2, 3, 8, 17)",True,0,0,3177,13,15,0,0,,17.3
70,"(1, 2, 3, 9, 10)",True,0,0,627,11,13,0,0,,3.4
60,"(1, 2, 3, 8, 11)",True,1,1,11115,19,40,0,0,,83.4
72,"(1, 2, 3, 9, 12)",True,0,0,1753,15,21,0,0,,9.5
71,"(1, 2, 3, 9, 11)",True,1,1,2171,19,24,0,0,,13.8
73,"(1, 2, 3, 9, 13)",True,0,0,1019,12,15,0,0,,5.5
68,"(1, 2, 3, 8, 19)",True,1,1,2619,16,39,0,0,,20.1
69,"(1, 2, 3, 8, 20)",True,1,1,3527,18,29,0,0,,23.8
74,"(1, 2, 3, 9, 14)",True,0,0,1489,14,20,0,0,,8.0
75,"(1, 2, 3, 9, 15)",True,0,0,1499,14,19,0,0,,8.1
79,"(1, 2, 3, 9, 19)",True,0,0,111,7,8,0,0,,0.5
78,"(1, 2, 3, 9, 18)",True,0,0,385,9,14,0,0,,2.0
77,"(1, 2, 3, 9, 17)",True,0,0,1887,12,15,0,0,,10.2
76,"(1, 2, 3, 9, 16)",True,1,1,2861,18,25,0,0,,19.3
80,"(1, 2, 3, 9, 20)",True,1,1,2213,18,24,0,0,,16.3
82,"(1, 2, 3, 10, 12)",True,0,0,2145,11,18,0,0,,11.7
81,"(1, 2, 3, 10, 11)",True,1,1,7409,17,25,0,0,,47.2
83,"(1, 2, 3, 10, 13)",True,1,1,8873,18,26,0,0,,56.7
86,"(1, 2, 3, 10, 16)",True,0,0,4487,13,24,0,0,,27.0
84,"(1, 2, 3, 10, 14)",True,1,1,9959,18,28,0,0,,62.2
87,"(1, 2, 3, 10, 17)",True,0,0,3733,12,15,0,0,,20.5
85,"(1, 2, 3, 10, 15)",True,1,1,10907,18,24,0,0,,70.4
88,"(1, 2, 3, 10, 18)",True,1,1,3349,13,24,0,0,,22.8
91,"(1, 2, 3, 11, 12)",True,0,0,2163,14,15,0,0,,11.8
90,"(1, 2, 3, 10, 20)",True,0,0,2549,13,24,0,0,,14.6
92,"(1, 2, 3, 11, 13)",True,1,1,8145,15,28,0,0,,50.6
89,"(1, 2, 3, 10, 19)",True,1,1,9517,27,43,0,0,,74.6
94,"(1, 2, 3, 11, 15)",True,1,1,10105,20,24,0,0,,63.4
95,"(1, 2, 3, 11, 16)",True,0,0,3421,17,24,0,0,,18.6
97,"(1, 2, 3, 11, 18)",True,0,0,805,9,16,0,0,,4.3
96,"(1, 2, 3, 11, 17)",True,0,0,4083,13,15,0,0,,22.2
93,"(1, 2, 3, 11, 14)",True,1,1,11817,20,30,0,0,,76.9
99,"(1, 2, 3, 11, 20)",True,0,0,2047,16,23,0,0,,11.1
100,"(1, 2, 3, 12, 13)",True,0,0,1741,13,14,0,0,,9.3
98,"(1, 2, 3, 11, 19)",True,1,1,3371,17,30,0,0,,23.0
101,"(1, 2, 3, 12, 14)",True,0,0,2381,13,15,0,0,,12.9
102,"(1, 2, 3, 12, 15)",True,0,0,2623,13,17,0,0,,14.2
105,"(1, 2, 3, 12, 18)",True,0,0,2013,15,24,0,0,,10.9
106,"(1, 2, 3, 12, 19)",True,0,0,1009,9,18,0,0,,5.4
103,"(1, 2, 3, 12, 16)",True,0,0,3159,13,18,0,0,,17.1
104,"(1, 2, 3, 12, 17)",True,0,0,3983,13,15,0,0,,21.7
107,"(1, 2, 3, 12, 20)",True,0,0,2161,15,19,0,0,,11.7
110,"(1, 2, 3, 13, 16)",True,0,0,1859,13,14,0,0,,10.1
109,"(1, 2, 3, 13, 15)",True,0,0,4413,13,16,0,0,,23.9
112,"(1, 2, 3, 13, 18)",True,0,0,1231,9,19,0,0,,6.7
108,"(1, 2, 3, 13, 14)",True,0,0,5563,13,18,0,0,,30.3
114,"(1, 2, 3, 13, 20)",True,0,0,739,11,13,0,0,,4.0
111,"(1, 2, 3, 13, 17)",True,0,0,3783,13,15,0,0,,20.6
116,"(1, 2, 3, 14, 16)",True,0,0,3163,14,17,0,0,,17.1
117,"(1, 2, 3, 14, 17)",True,0,0,4589,13,15,0,0,,24.9
118,"(1, 2, 3, 14, 18)",True,0,0,1931,12,24,0,0,,10.5
113,"(1, 2, 3, 13, 19)",True,1,1,4583,27,48,0,0,,34.4
120,"(1, 2, 3, 14, 20)",True,0,0,1593,13,16,0,0,,8.6
121,"(1, 2, 3, 15, 16)",True,0,0,3701,14,19,0,0,,20.2
119,"(1, 2, 3, 14, 19)",True,1,1,4153,17,28,0,0,,26.6
122,"(1, 2, 3, 15, 17)",True,0,0,4439,13,15,0,0,,24.1
123,"(1, 2, 3, 15, 18)",True,0,0,2293,11,24,0,0,,13.5
125,"(1, 2, 3, 15, 20)",True,0,0,1795,13,16,0,0,,9.7
124,"(1, 2, 3, 15, 19)",True,1,1,4183,17,24,0,0,,27.8
126,"(1, 2, 3, 16, 17)",True,0,0,3585,13,15,0,0,,23.9
127,"(1, 2, 3, 16, 18)",True,1,1,2709,12,24,0,0,,20.5
130,"(1, 2, 3, 17, 18)",True,0,0,1683,10,15,0,0,,9.1
128,"(1, 2, 3, 16, 19)",True,1,1,2785,14,24,0,0,,20.1
131,"(1, 2, 3, 17, 19)",True,0,0,1849,11,15,0,0,,10.1
132,"(1, 2, 3, 17, 20)",True,0,0,2069,13,15,0,0,,11.3
115,"(1, 2, 3, 14, 15)",True,1,1,17453,20,29,0,0,,123.5
133,"(1, 2, 3, 18, 19)",True,1,1,1829,13,30,0,0,,13.4
134,"(1, 2, 3, 18, 20)",True,1,1,1875,12,24,0,0,,13.3
137,"(1, 2, 4, 5, 7)",True,0,0,1367,12,13,0,0,,7.5
135,"(1, 2, 3, 19, 20)",True,1,1,1649,15,28,0,0,,12.4
136,"(1, 2, 4, 5, 6)",True,0,0,3061,13,16,0,0,,16.7
139,"(1, 2, 4, 5, 9)",True,0,0,1923,18,24,0,0,,10.6
138,"(1, 2, 4, 5, 8)",True,1,1,7881,16,24,0,0,,51.3
129,"(1, 2, 3, 16, 20)",True,1,1,10171,22,40,0,0,,107.3
142,"(1, 2, 4, 5, 12)",True,0,0,2533,12,16,0,0,,13.9
143,"(1, 2, 4, 5, 13)",True,0,0,5019,13,16,0,0,,27.5
141,"(1, 2, 4, 5, 11)",True,1,1,12713,18,24,0,0,,81.9
146,"(1, 2, 4, 5, 16)",True,0,0,3115,12,18,0,0,,16.8
147,"(1, 2, 4, 5, 17)",True,0,0,4541,13,15,0,0,,24.4
140,"(1, 2, 4, 5, 10)",True,1,1,11721,36,57,0,0,,137.0
148,"(1, 2, 4, 5, 18)",True,0,0,1561,9,21,0,0,,8.4
150,"(1, 2, 4, 5, 20)",True,0,0,1057,12,15,0,0,,5.7
151,"(1, 2, 4, 6, 7)",True,0,0,1197,11,13,0,0,,6.5
149,"(1, 2, 4, 5, 19)",True,1,1,4523,15,26,0,0,,29.1
152,"(1, 2, 4, 6, 8)",True,0,0,3121,19,24,0,0,,18.1
153,"(1, 2, 4, 6, 9)",True,0,0,767,12,14,0,0,,4.2
154,"(1, 2, 4, 6, 10)",True,0,0,2581,16,18,0,0,,14.1
156,"(1, 2, 4, 6, 12)",True,0,0,1557,12,14,0,0,,8.4
155,"(1, 2, 4, 6, 11)",True,1,1,6665,18,27,0,0,,45.9
157,"(1, 2, 4, 6, 13)",True,0,0,6041,19,23,0,0,,32.7
144,"(1, 2, 4, 5, 14)",True,0,0,23851,20,24,0,0,,167.9
160,"(1, 2, 4, 6, 16)",True,0,0,1611,12,14,0,0,,8.7
158,"(1, 2, 4, 6, 14)",True,0,0,3543,13,18,0,0,,19.2
159,"(1, 2, 4, 6, 15)",True,0,0,2895,12,15,0,0,,15.7
162,"(1, 2, 4, 6, 18)",True,0,0,1373,11,24,0,0,,7.4
164,"(1, 2, 4, 6, 20)",True,0,0,793,11,13,0,0,,4.3
163,"(1, 2, 4, 6, 19)",True,0,0,1655,18,23,0,0,,9.0
161,"(1, 2, 4, 6, 17)",True,0,0,3025,13,15,0,0,,16.4
166,"(1, 2, 4, 7, 9)",True,0,0,671,10,14,0,0,,3.6
165,"(1, 2, 4, 7, 8)",True,0,0,1187,12,15,0,0,,6.4
167,"(1, 2, 4, 7, 10)",True,0,0,999,9,13,0,0,,5.4
168,"(1, 2, 4, 7, 11)",True,0,0,1467,12,15,0,0,,7.8
169,"(1, 2, 4, 7, 12)",True,0,0,1099,12,15,0,0,,6.0
170,"(1, 2, 4, 7, 13)",True,0,0,1117,10,12,0,0,,6.0
171,"(1, 2, 4, 7, 14)",True,0,0,1411,12,13,0,0,,7.6
172,"(1, 2, 4, 7, 15)",True,0,0,1385,12,14,0,0,,7.5
173,"(1, 2, 4, 7, 16)",True,0,0,1205,12,14,0,0,,6.5
175,"(1, 2, 4, 7, 18)",True,0,0,567,8,13,0,0,,3.0
145,"(1, 2, 4, 5, 15)",True,1,1,24519,20,30,0,0,,189.8
176,"(1, 2, 4, 7, 19)",True,0,0,563,9,13,0,0,,3.0
174,"(1, 2, 4, 7, 17)",True,0,0,1477,12,14,0,0,,7.9
177,"(1, 2, 4, 7, 20)",True,0,0,1007,12,15,0,0,,5.4
178,"(1, 2, 4, 8, 9)",True,0,0,1759,13,24,0,0,,9.9
181,"(1, 2, 4, 8, 12)",True,0,0,1883,12,19,0,0,,10.2
179,"(1, 2, 4, 8, 10)",True,1,1,5921,16,25,0,0,,38.3
182,"(1, 2, 4, 8, 13)",True,1,1,7713,17,25,0,0,,48.3
183,"(1, 2, 4, 8, 14)",True,1,1,8629,17,24,0,0,,54.9
185,"(1, 2, 4, 8, 16)",True,0,0,3071,14,24,0,0,,17.0
187,"(1, 2, 4, 8, 18)",True,0,0,297,7,11,0,0,,1.6
186,"(1, 2, 4, 8, 17)",True,0,0,3309,12,15,0,0,,17.8
184,"(1, 2, 4, 8, 15)",True,1,1,8097,16,24,0,0,,51.5
190,"(1, 2, 4, 9, 10)",True,0,0,557,11,13,0,0,,2.9
189,"(1, 2, 4, 8, 20)",True,0,0,1355,12,21,0,0,,7.3
188,"(1, 2, 4, 8, 19)",True,1,1,3555,16,24,0,0,,23.4
192,"(1, 2, 4, 9, 12)",True,0,0,1263,12,18,0,0,,6.8
193,"(1, 2, 4, 9, 13)",True,0,0,1079,12,14,0,0,,5.8
194,"(1, 2, 4, 9, 14)",True,0,0,2013,19,24,0,0,,10.8
180,"(1, 2, 4, 8, 11)",True,1,1,15769,17,28,0,0,,109.9
195,"(1, 2, 4, 9, 15)",True,0,0,1951,17,23,0,0,,10.4
198,"(1, 2, 4, 9, 18)",True,0,0,281,8,13,0,0,,1.5
191,"(1, 2, 4, 9, 11)",True,1,1,3435,17,27,0,0,,24.1
199,"(1, 2, 4, 9, 19)",True,0,0,111,7,8,0,0,,0.5
200,"(1, 2, 4, 9, 20)",True,0,0,739,12,23,0,0,,4.0
197,"(1, 2, 4, 9, 17)",True,0,0,1555,12,15,0,0,,8.4
196,"(1, 2, 4, 9, 16)",True,0,0,1981,12,24,0,0,,11.2
202,"(1, 2, 4, 10, 12)",True,0,0,1581,11,16,0,0,,8.5
203,"(1, 2, 4, 10, 13)",True,0,0,6555,19,24,0,0,,35.4
206,"(1, 2, 4, 10, 16)",True,0,0,1829,11,18,0,0,,9.8
201,"(1, 2, 4, 10, 11)",True,1,1,8583,17,25,0,0,,55.2
208,"(1, 2, 4, 10, 18)",True,0,0,1053,9,19,0,0,,5.7
207,"(1, 2, 4, 10, 17)",True,0,0,3191,13,15,0,0,,17.2
210,"(1, 2, 4, 10, 20)",True,0,0,637,11,14,0,0,,3.4
204,"(1, 2, 4, 10, 14)",True,1,1,10563,16,29,0,0,,67.8
211,"(1, 2, 4, 11, 12)",True,0,0,2607,12,18,0,0,,14.0
205,"(1, 2, 4, 10, 15)",True,1,1,10791,16,24,0,0,,72.2
209,"(1, 2, 4, 10, 19)",True,1,1,6065,18,33,0,0,,42.2
215,"(1, 2, 4, 11, 16)",True,0,0,4989,15,24,0,0,,30.6
216,"(1, 2, 4, 11, 17)",True,0,0,4735,13,15,0,0,,29.5
212,"(1, 2, 4, 11, 13)",True,1,1,14193,18,24,0,0,,92.1
214,"(1, 2, 4, 11, 15)",True,1,1,12533,18,24,0,0,,82.6
217,"(1, 2, 4, 11, 18)",True,0,0,937,9,18,0,0,,5.1
220,"(1, 2, 4, 12, 13)",True,0,0,1897,12,14,0,0,,10.3
213,"(1, 2, 4, 11, 14)",True,1,1,14593,18,24,0,0,,95.7
219,"(1, 2, 4, 11, 20)",True,0,0,2799,15,24,0,0,,17.7
221,"(1, 2, 4, 12, 14)",True,0,0,2577,12,16,0,0,,13.9
222,"(1, 2, 4, 12, 15)",True,0,0,2563,12,17,0,0,,13.8
218,"(1, 2, 4, 11, 19)",True,1,1,4901,17,25,0,0,,31.8
225,"(1, 2, 4, 12, 18)",True,0,0,845,9,15,0,0,,4.5
223,"(1, 2, 4, 12, 16)",True,0,0,2721,12,18,0,0,,14.7
226,"(1, 2, 4, 12, 19)",True,0,0,803,10,17,0,0,,4.3
227,"(1, 2, 4, 12, 20)",True,0,0,799,12,19,0,0,,4.3
224,"(1, 2, 4, 12, 17)",True,0,0,2971,12,15,0,0,,16.0
230,"(1, 2, 4, 13, 16)",True,0,0,1957,11,14,0,0,,10.5
232,"(1, 2, 4, 13, 18)",True,0,0,2117,11,24,0,0,,12.8
229,"(1, 2, 4, 13, 15)",True,0,0,4821,12,16,0,0,,26.1
234,"(1, 2, 4, 13, 20)",True,0,0,597,11,13,0,0,,3.2
231,"(1, 2, 4, 13, 17)",True,0,0,4271,13,15,0,0,,23.1
228,"(1, 2, 4, 13, 14)",True,0,0,6445,13,18,0,0,,35.0
236,"(1, 2, 4, 14, 16)",True,0,0,3105,12,17,0,0,,16.7
233,"(1, 2, 4, 13, 19)",True,1,1,4945,18,24,0,0,,32.2
238,"(1, 2, 4, 14, 18)",True,0,0,1823,10,23,0,0,,9.8
237,"(1, 2, 4, 14, 17)",True,0,0,4895,13,15,0,0,,26.5
240,"(1, 2, 4, 14, 20)",True,0,0,1095,12,15,0,0,,5.8
241,"(1, 2, 4, 15, 16)",True,0,0,3351,12,19,0,0,,18.0
243,"(1, 2, 4, 15, 18)",True,0,0,1345,9,20,0,0,,7.2
242,"(1, 2, 4, 15, 17)",True,0,0,4371,12,15,0,0,,23.5
239,"(1, 2, 4, 14, 19)",True,1,1,4823,16,27,0,0,,30.9
245,"(1, 2, 4, 15, 20)",True,0,0,999,12,14,0,0,,5.3
247,"(1, 2, 4, 16, 18)",True,0,0,835,9,17,0,0,,4.5
248,"(1, 2, 4, 16, 19)",True,0,0,981,10,20,0,0,,5.3
246,"(1, 2, 4, 16, 17)",True,0,0,3081,12,15,0,0,,16.6
250,"(1, 2, 4, 17, 18)",True,0,0,1191,9,15,0,0,,6.3
244,"(1, 2, 4, 15, 19)",True,1,1,4715,15,24,0,0,,30.0
251,"(1, 2, 4, 17, 19)",True,0,0,1749,11,15,0,0,,9.3
252,"(1, 2, 4, 17, 20)",True,0,0,973,12,15,0,0,,5.2
254,"(1, 2, 4, 18, 20)",True,0,0,299,8,14,0,0,,1.6
253,"(1, 2, 4, 18, 19)",True,0,0,593,8,17,0,0,,3.1
255,"(1, 2, 4, 19, 20)",True,0,0,363,10,15,0,0,,1.9
256,"(1, 2, 5, 6, 7)",True,0,0,1675,12,13,0,0,,8.9
258,"(1, 2, 5, 6, 9)",True,0,0,935,15,18,0,0,,5.0
249,"(1, 2, 4, 16, 20)",True,1,1,3087,30,62,0,0,,49.5
257,"(1, 2, 5, 6, 8)",True,1,1,4937,31,43,0,0,,35.0
261,"(1, 2, 5, 6, 12)",True,0,0,2047,14,16,0,0,,11.0
235,"(1, 2, 4, 14, 15)",True,1,1,21625,20,24,0,0,,149.0
262,"(1, 2, 5, 6, 13)",True,0,0,3525,13,15,0,0,,19.0
260,"(1, 2, 5, 6, 11)",True,1,1,6251,20,24,0,0,,38.7
259,"(1, 2, 5, 6, 10)",True,1,1,8655,18,25,0,0,,54.8
265,"(1, 2, 5, 6, 16)",True,0,0,3109,15,18,0,0,,16.8
266,"(1, 2, 5, 6, 17)",True,0,0,3731,14,15,0,0,,20.1
267,"(1, 2, 5, 6, 18)",True,1,1,3391,14,24,0,0,,21.5
268,"(1, 2, 5, 6, 19)",True,1,1,3779,18,24,0,0,,23.7
269,"(1, 2, 5, 6, 20)",True,0,0,1895,15,17,0,0,,10.2
271,"(1, 2, 5, 7, 9)",True,0,0,641,12,13,0,0,,3.4
270,"(1, 2, 5, 7, 8)",True,0,0,1193,12,13,0,0,,6.4
272,"(1, 2, 5, 7, 10)",True,0,0,1423,11,13,0,0,,7.6
273,"(1, 2, 5, 7, 11)",True,0,0,1449,12,13,0,0,,7.8
274,"(1, 2, 5, 7, 12)",True,0,0,1077,12,13,0,0,,5.7
275,"(1, 2, 5, 7, 13)",True,0,0,1267,10,12,0,0,,6.8
276,"(1, 2, 5, 7, 14)",True,0,0,1835,12,13,0,0,,9.8
277,"(1, 2, 5, 7, 15)",True,0,0,1843,12,13,0,0,,9.9
278,"(1, 2, 5, 7, 16)",True,0,0,1451,12,13,0,0,,7.8
279,"(1, 2, 5, 7, 17)",True,0,0,1533,12,13,0,0,,8.3
263,"(1, 2, 5, 6, 14)",True,0,0,15471,20,24,0,0,,98.1
280,"(1, 2, 5, 7, 18)",True,0,0,741,9,13,0,0,,4.0
281,"(1, 2, 5, 7, 19)",True,0,0,773,10,13,0,0,,4.2
283,"(1, 2, 5, 8, 9)",True,0,0,1253,14,16,0,0,,6.7
282,"(1, 2, 5, 7, 20)",True,0,0,1255,12,13,0,0,,6.8
286,"(1, 2, 5, 8, 12)",True,0,0,1617,14,15,0,0,,8.7
287,"(1, 2, 5, 8, 13)",True,0,0,3393,13,15,0,0,,18.4
284,"(1, 2, 5, 8, 10)",True,0,0,6353,19,24,0,0,,35.4
264,"(1, 2, 5, 6, 15)",True,1,1,18291,20,25,0,0,,134.2
290,"(1, 2, 5, 8, 16)",True,0,0,2271,15,17,0,0,,12.1
291,"(1, 2, 5, 8, 17)",True,0,0,3117,14,15,0,0,,16.9
292,"(1, 2, 5, 8, 18)",True,0,0,297,7,11,0,0,,1.6
293,"(1, 2, 5, 8, 19)",True,0,0,3281,14,25,0,0,,21.8
285,"(1, 2, 5, 8, 11)",True,0,0,14253,18,24,0,0,,93.8
295,"(1, 2, 5, 9, 10)",True,0,0,607,11,13,0,0,,3.2
294,"(1, 2, 5, 8, 20)",True,0,0,1193,16,18,0,0,,6.4
297,"(1, 2, 5, 9, 12)",True,0,0,1207,13,15,0,0,,6.5
296,"(1, 2, 5, 9, 11)",True,0,0,1747,15,19,0,0,,9.3
298,"(1, 2, 5, 9, 13)",True,0,0,1323,12,16,0,0,,7.1
300,"(1, 2, 5, 9, 15)",True,0,0,3875,17,24,0,0,,22.9
299,"(1, 2, 5, 9, 14)",True,0,0,4715,18,24,0,0,,34.0
301,"(1, 2, 5, 9, 16)",True,0,0,1501,14,17,0,0,,8.0
303,"(1, 2, 5, 9, 18)",True,0,0,261,8,12,0,0,,1.4
304,"(1, 2, 5, 9, 19)",True,0,0,111,7,8,0,0,,0.6
305,"(1, 2, 5, 9, 20)",True,0,0,415,13,16,0,0,,2.2
288,"(1, 2, 5, 8, 14)",True,0,0,16827,20,24,0,0,,122.4
302,"(1, 2, 5, 9, 17)",True,0,0,1707,13,15,0,0,,9.2
307,"(1, 2, 5, 10, 12)",True,0,0,2007,12,16,0,0,,10.9
308,"(1, 2, 5, 10, 13)",True,0,0,4293,13,16,0,0,,23.1
306,"(1, 2, 5, 10, 11)",True,0,0,7411,18,23,0,0,,40.3
311,"(1, 2, 5, 10, 16)",True,0,0,2913,14,18,0,0,,15.8
312,"(1, 2, 5, 10, 17)",True,0,0,3779,13,15,0,0,,20.4
313,"(1, 2, 5, 10, 18)",True,0,0,1543,11,19,0,0,,8.3
289,"(1, 2, 5, 8, 15)",True,1,1,19761,21,41,0,0,,209.5
315,"(1, 2, 5, 10, 20)",True,0,0,1563,15,18,0,0,,8.4
316,"(1, 2, 5, 11, 12)",True,0,0,2327,14,15,0,0,,14.1
314,"(1, 2, 5, 10, 19)",True,1,1,7609,17,24,0,0,,53.0
317,"(1, 2, 5, 11, 13)",True,0,0,4839,13,17,0,0,,27.9
309,"(1, 2, 5, 10, 14)",True,0,0,22097,20,24,0,0,,150.8
320,"(1, 2, 5, 11, 16)",True,0,0,3085,14,17,0,0,,16.7
321,"(1, 2, 5, 11, 17)",True,0,0,4403,14,15,0,0,,23.9
322,"(1, 2, 5, 11, 18)",True,0,0,797,9,15,0,0,,4.3
323,"(1, 2, 5, 11, 19)",True,0,0,4165,14,24,0,0,,24.8
324,"(1, 2, 5, 11, 20)",True,0,0,1315,14,16,0,0,,7.1
325,"(1, 2, 5, 12, 13)",True,0,0,2141,13,14,0,0,,11.6
326,"(1, 2, 5, 12, 14)",True,0,0,3145,14,16,0,0,,16.9
310,"(1, 2, 5, 10, 15)",True,1,1,29011,26,43,0,0,,256.8
327,"(1, 2, 5, 12, 15)",True,0,0,3035,14,16,0,0,,16.3
328,"(1, 2, 5, 12, 16)",True,0,0,3029,14,16,0,0,,16.3
329,"(1, 2, 5, 12, 17)",True,0,0,3239,14,15,0,0,,17.4
330,"(1, 2, 5, 12, 18)",True,0,0,1049,11,16,0,0,,5.7
332,"(1, 2, 5, 12, 20)",True,0,0,635,14,14,0,0,,3.4
331,"(1, 2, 5, 12, 19)",True,0,0,1003,11,16,0,0,,5.4
334,"(1, 2, 5, 13, 15)",True,0,0,5657,13,16,0,0,,30.8
318,"(1, 2, 5, 11, 14)",True,0,0,27335,21,24,0,0,,204.5
333,"(1, 2, 5, 13, 14)",True,0,0,6419,13,17,0,0,,35.0
337,"(1, 2, 5, 13, 18)",True,0,0,1369,9,16,0,0,,7.4
335,"(1, 2, 5, 13, 16)",True,0,0,2313,13,14,0,0,,12.5
339,"(1, 2, 5, 13, 20)",True,0,0,731,11,13,0,0,,3.9
319,"(1, 2, 5, 11, 15)",True,0,0,27185,21,24,0,0,,217.8
338,"(1, 2, 5, 13, 19)",True,0,0,2193,11,16,0,0,,11.8
336,"(1, 2, 5, 13, 17)",True,0,0,4275,13,15,0,0,,23.1
341,"(1, 2, 5, 14, 16)",True,0,0,4433,14,17,0,0,,23.9
343,"(1, 2, 5, 14, 18)",True,0,0,3827,15,24,0,0,,20.8
342,"(1, 2, 5, 14, 17)",True,0,0,5985,14,15,0,0,,32.2
345,"(1, 2, 5, 14, 20)",True,0,0,2003,14,16,0,0,,10.8
346,"(1, 2, 5, 15, 16)",True,0,0,4857,14,18,0,0,,26.1
347,"(1, 2, 5, 15, 17)",True,0,0,5625,14,15,0,0,,30.5
348,"(1, 2, 5, 15, 18)",True,0,0,4903,17,24,0,0,,28.0
344,"(1, 2, 5, 14, 19)",True,0,0,9747,19,24,0,0,,64.6
350,"(1, 2, 5, 15, 20)",True,0,0,2149,14,16,0,0,,11.5
352,"(1, 2, 5, 16, 18)",True,0,0,1379,11,18,0,0,,7.4
351,"(1, 2, 5, 16, 17)",True,0,0,3929,14,15,0,0,,21.2
353,"(1, 2, 5, 16, 19)",True,0,0,1423,12,18,0,0,,7.6
354,"(1, 2, 5, 16, 20)",True,0,0,1303,15,16,0,0,,7.0
355,"(1, 2, 5, 17, 18)",True,0,0,1469,11,15,0,0,,7.9
357,"(1, 2, 5, 17, 20)",True,0,0,1039,14,14,0,0,,5.6
356,"(1, 2, 5, 17, 19)",True,0,0,1893,11,15,0,0,,10.2
359,"(1, 2, 5, 18, 20)",True,0,0,617,11,16,0,0,,3.3
358,"(1, 2, 5, 18, 19)",True,0,0,825,11,17,0,0,,4.4
360,"(1, 2, 5, 19, 20)",True,0,0,761,13,18,0,0,,4.0
361,"(1, 2, 6, 7, 8)",True,0,0,1381,15,18,0,0,,7.4
362,"(1, 2, 6, 7, 9)",True,0,0,1209,14,19,0,0,,6.5
364,"(1, 2, 6, 7, 11)",True,0,0,1477,14,15,0,0,,7.9
363,"(1, 2, 6, 7, 10)",True,0,0,2099,12,20,0,0,,11.2
366,"(1, 2, 6, 7, 13)",True,0,0,1197,10,12,0,0,,6.4
365,"(1, 2, 6, 7, 12)",True,0,0,2811,15,24,0,0,,15.1
349,"(1, 2, 5, 15, 19)",True,0,0,11931,20,24,0,0,,97.9
367,"(1, 2, 6, 7, 14)",True,0,0,1633,12,13,0,0,,8.8
368,"(1, 2, 6, 7, 15)",True,0,0,1907,13,14,0,0,,10.4
369,"(1, 2, 6, 7, 16)",True,0,0,2427,13,18,0,0,,13.2
370,"(1, 2, 6, 7, 17)",True,0,0,2573,13,15,0,0,,13.9
372,"(1, 2, 6, 7, 19)",True,0,0,1169,11,20,0,0,,6.4
371,"(1, 2, 6, 7, 18)",True,0,0,2131,16,24,0,0,,11.6
373,"(1, 2, 6, 7, 20)",True,0,0,2387,14,15,0,0,,12.8
374,"(1, 2, 6, 8, 9)",True,1,1,1595,19,24,0,0,,10.2
377,"(1, 2, 6, 8, 12)",True,0,0,1231,15,17,0,0,,6.6
375,"(1, 2, 6, 8, 10)",True,1,1,3799,18,24,0,0,,24.0
378,"(1, 2, 6, 8, 13)",True,1,1,3949,20,24,0,0,,25.4
376,"(1, 2, 6, 8, 11)",True,1,1,7469,20,25,0,0,,49.1
379,"(1, 2, 6, 8, 14)",True,1,1,5215,18,24,0,0,,32.1
382,"(1, 2, 6, 8, 17)",True,0,0,2347,15,15,0,0,,12.7
380,"(1, 2, 6, 8, 15)",True,1,1,4831,18,24,0,0,,29.8
383,"(1, 2, 6, 8, 18)",True,0,0,285,7,10,0,0,,1.5
381,"(1, 2, 6, 8, 16)",True,1,1,3229,19,24,0,0,,20.4
386,"(1, 2, 6, 9, 10)",True,0,0,503,11,13,0,0,,2.6
384,"(1, 2, 6, 8, 19)",True,1,1,1811,19,24,0,0,,11.7
387,"(1, 2, 6, 9, 11)",True,0,0,1161,16,20,0,0,,6.2
389,"(1, 2, 6, 9, 13)",True,0,0,693,12,13,0,0,,3.7
388,"(1, 2, 6, 9, 12)",True,0,0,1401,15,19,0,0,,7.5
385,"(1, 2, 6, 8, 20)",True,1,1,2947,19,25,0,0,,19.9
390,"(1, 2, 6, 9, 14)",True,0,0,973,14,18,0,0,,5.2
391,"(1, 2, 6, 9, 15)",True,0,0,1085,15,18,0,0,,5.8
394,"(1, 2, 6, 9, 18)",True,0,0,389,9,15,0,0,,2.0
395,"(1, 2, 6, 9, 19)",True,0,0,111,7,8,0,0,,0.5
393,"(1, 2, 6, 9, 17)",True,0,0,1467,13,15,0,0,,7.9
392,"(1, 2, 6, 9, 16)",True,1,1,2143,19,24,0,0,,14.3
396,"(1, 2, 6, 9, 20)",True,1,1,1799,20,28,0,0,,13.6
398,"(1, 2, 6, 10, 12)",True,0,0,2123,12,19,0,0,,11.4
399,"(1, 2, 6, 10, 13)",True,0,0,3013,16,21,0,0,,16.2
397,"(1, 2, 6, 10, 11)",True,1,1,5465,26,43,0,0,,39.7
400,"(1, 2, 6, 10, 14)",True,1,1,8177,19,25,0,0,,51.4
403,"(1, 2, 6, 10, 17)",True,0,0,3237,13,15,0,0,,20.1
402,"(1, 2, 6, 10, 16)",True,1,1,6491,17,24,0,0,,47.5
401,"(1, 2, 6, 10, 15)",True,1,1,9701,24,33,0,0,,65.4
404,"(1, 2, 6, 10, 18)",True,1,1,3557,15,28,0,0,,23.3
407,"(1, 2, 6, 11, 12)",True,0,0,1619,15,14,0,0,,8.6
406,"(1, 2, 6, 10, 20)",True,1,1,4773,16,24,0,0,,32.5
405,"(1, 2, 6, 10, 19)",True,1,1,5745,16,24,0,0,,38.1
410,"(1, 2, 6, 11, 15)",True,1,1,6353,20,24,0,0,,40.8
408,"(1, 2, 6, 11, 13)",True,1,1,7787,20,24,0,0,,50.2
409,"(1, 2, 6, 11, 14)",True,1,1,7471,20,25,0,0,,47.9
413,"(1, 2, 6, 11, 18)",True,0,0,713,9,17,0,0,,3.8
411,"(1, 2, 6, 11, 16)",True,0,0,2213,17,19,0,0,,11.9
415,"(1, 2, 6, 11, 20)",True,0,0,1323,17,19,0,0,,7.1
412,"(1, 2, 6, 11, 17)",True,0,0,3201,15,15,0,0,,17.2
414,"(1, 2, 6, 11, 19)",True,1,1,2597,19,24,0,0,,17.1
416,"(1, 2, 6, 12, 13)",True,0,0,1465,13,14,0,0,,7.9
417,"(1, 2, 6, 12, 14)",True,0,0,2039,14,15,0,0,,11.0
418,"(1, 2, 6, 12, 15)",True,0,0,2425,14,16,0,0,,13.1
419,"(1, 2, 6, 12, 16)",True,0,0,2759,15,18,0,0,,14.8
422,"(1, 2, 6, 12, 19)",True,0,0,1013,11,18,0,0,,5.4
420,"(1, 2, 6, 12, 17)",True,0,0,3627,15,15,0,0,,19.5
421,"(1, 2, 6, 12, 18)",True,0,0,1999,15,24,0,0,,10.7
423,"(1, 2, 6, 12, 20)",True,0,0,2063,15,19,0,0,,11.2
426,"(1, 2, 6, 13, 16)",True,0,0,1539,13,14,0,0,,8.3
425,"(1, 2, 6, 13, 15)",True,0,0,3285,13,14,0,0,,17.8
424,"(1, 2, 6, 13, 14)",True,0,0,4415,14,18,0,0,,23.9
427,"(1, 2, 6, 13, 17)",True,0,0,3127,13,15,0,0,,16.8
428,"(1, 2, 6, 13, 18)",True,1,1,2347,14,25,0,0,,15.7
430,"(1, 2, 6, 13, 20)",True,0,0,737,10,13,0,0,,4.0
429,"(1, 2, 6, 13, 19)",True,1,1,2599,19,24,0,0,,16.4
432,"(1, 2, 6, 14, 16)",True,0,0,2791,14,17,0,0,,15.0
433,"(1, 2, 6, 14, 17)",True,0,0,3889,14,15,0,0,,20.9
434,"(1, 2, 6, 14, 18)",True,1,1,3251,13,25,0,0,,21.2
436,"(1, 2, 6, 14, 20)",True,0,0,1653,14,15,0,0,,8.9
435,"(1, 2, 6, 14, 19)",True,1,1,4001,32,50,0,0,,33.8
437,"(1, 2, 6, 15, 16)",True,0,0,3771,14,19,0,0,,20.3
340,"(1, 2, 5, 14, 15)",True,0,0,71351,22,24,0,0,,611.7
438,"(1, 2, 6, 15, 17)",True,0,0,3987,14,15,0,0,,21.6
431,"(1, 2, 6, 14, 15)",True,1,1,13495,20,24,0,0,,88.3
439,"(1, 2, 6, 15, 18)",True,1,1,3385,13,28,0,0,,22.1
440,"(1, 2, 6, 15, 19)",True,1,1,3803,18,24,0,0,,23.7
441,"(1, 2, 6, 15, 20)",True,0,0,2271,14,18,0,0,,12.2
442,"(1, 2, 6, 16, 17)",True,0,0,3267,15,15,0,0,,17.5
443,"(1, 2, 6, 16, 18)",True,1,1,3333,15,24,0,0,,21.1
444,"(1, 2, 6, 16, 19)",True,1,1,2973,16,28,0,0,,20.5
446,"(1, 2, 6, 17, 18)",True,0,0,1879,11,15,0,0,,10.1
447,"(1, 2, 6, 17, 19)",True,0,0,1657,12,15,0,0,,8.9
448,"(1, 2, 6, 17, 20)",True,0,0,2123,15,15,0,0,,11.4
449,"(1, 2, 6, 18, 19)",True,1,1,2003,21,34,0,0,,14.8
452,"(1, 2, 7, 8, 9)",True,0,0,845,14,18,0,0,,4.5
450,"(1, 2, 6, 18, 20)",True,1,1,2501,15,24,0,0,,16.3
451,"(1, 2, 6, 19, 20)",True,1,1,1977,15,29,0,0,,14.2
453,"(1, 2, 7, 8, 10)",True,0,0,779,11,13,0,0,,4.1
456,"(1, 2, 7, 8, 13)",True,0,0,899,10,12,0,0,,4.8
455,"(1, 2, 7, 8, 12)",True,0,0,1171,15,21,0,0,,6.2
454,"(1, 2, 7, 8, 11)",True,0,0,1711,15,18,0,0,,9.2
457,"(1, 2, 7, 8, 14)",True,0,0,1245,12,13,0,0,,6.7
458,"(1, 2, 7, 8, 15)",True,0,0,1173,13,14,0,0,,6.3
461,"(1, 2, 7, 8, 18)",True,0,0,273,7,10,0,0,,1.4
459,"(1, 2, 7, 8, 16)",True,0,0,1601,14,18,0,0,,8.6
462,"(1, 2, 7, 8, 19)",True,0,0,461,10,13,0,0,,2.5
464,"(1, 2, 7, 9, 10)",True,0,0,401,10,12,0,0,,2.1
460,"(1, 2, 7, 8, 17)",True,0,0,1325,13,15,0,0,,7.1
463,"(1, 2, 7, 8, 20)",True,0,0,1163,14,15,0,0,,6.2
465,"(1, 2, 7, 9, 11)",True,0,0,809,13,15,0,0,,4.3
467,"(1, 2, 7, 9, 13)",True,0,0,535,10,12,0,0,,2.8
468,"(1, 2, 7, 9, 14)",True,0,0,681,12,13,0,0,,3.6
469,"(1, 2, 7, 9, 15)",True,0,0,739,12,14,0,0,,3.9
466,"(1, 2, 7, 9, 12)",True,0,0,1951,16,24,0,0,,12.3
470,"(1, 2, 7, 9, 16)",True,0,0,993,14,18,0,0,,5.3
473,"(1, 2, 7, 9, 19)",True,0,0,111,7,8,0,0,,0.5
472,"(1, 2, 7, 9, 18)",True,0,0,397,9,18,0,0,,2.1
471,"(1, 2, 7, 9, 17)",True,0,0,1147,12,15,0,0,,6.1
474,"(1, 2, 7, 9, 20)",True,0,0,847,12,15,0,0,,4.5
475,"(1, 2, 7, 10, 11)",True,0,0,991,11,13,0,0,,5.3
476,"(1, 2, 7, 10, 12)",True,0,0,1157,12,18,0,0,,6.2
477,"(1, 2, 7, 10, 13)",True,0,0,1051,10,12,0,0,,5.6
478,"(1, 2, 7, 10, 14)",True,0,0,1345,11,13,0,0,,7.2
479,"(1, 2, 7, 10, 15)",True,0,0,1535,11,14,0,0,,8.2
480,"(1, 2, 7, 10, 16)",True,0,0,1569,12,18,0,0,,8.4
481,"(1, 2, 7, 10, 17)",True,0,0,1421,11,15,0,0,,7.6
482,"(1, 2, 7, 10, 18)",True,0,0,1279,12,19,0,0,,6.9
483,"(1, 2, 7, 10, 19)",True,0,0,1111,12,20,0,0,,6.0
445,"(1, 2, 6, 16, 20)",True,1,1,10821,21,34,0,0,,103.4
484,"(1, 2, 7, 10, 20)",True,0,0,1313,12,15,0,0,,7.0
486,"(1, 2, 7, 11, 13)",True,0,0,1129,10,12,0,0,,6.0
485,"(1, 2, 7, 11, 12)",True,0,0,1173,14,16,0,0,,6.3
487,"(1, 2, 7, 11, 14)",True,0,0,1517,12,13,0,0,,8.1
488,"(1, 2, 7, 11, 15)",True,0,0,1461,13,14,0,0,,7.8
491,"(1, 2, 7, 11, 18)",True,0,0,475,8,12,0,0,,2.5
489,"(1, 2, 7, 11, 16)",True,0,0,1531,14,18,0,0,,8.3
490,"(1, 2, 7, 11, 17)",True,0,0,1539,13,14,0,0,,8.3
492,"(1, 2, 7, 11, 19)",True,0,0,557,10,13,0,0,,3.0
494,"(1, 2, 7, 12, 13)",True,0,0,865,10,12,0,0,,4.6
493,"(1, 2, 7, 11, 20)",True,0,0,1197,14,15,0,0,,6.4
495,"(1, 2, 7, 12, 14)",True,0,0,1093,12,13,0,0,,5.9
496,"(1, 2, 7, 12, 15)",True,0,0,1331,13,14,0,0,,7.2
500,"(1, 2, 7, 12, 19)",True,0,0,505,11,16,0,0,,2.7
497,"(1, 2, 7, 12, 16)",True,0,0,1521,13,15,0,0,,8.2
498,"(1, 2, 7, 12, 17)",True,0,0,2441,13,15,0,0,,13.1
499,"(1, 2, 7, 12, 18)",True,0,0,2059,15,24,0,0,,13.5
501,"(1, 2, 7, 12, 20)",True,0,0,1739,14,15,0,0,,9.3
502,"(1, 2, 7, 13, 14)",True,0,0,1285,10,12,0,0,,6.9
506,"(1, 2, 7, 13, 18)",True,0,0,621,8,12,0,0,,3.3
504,"(1, 2, 7, 13, 16)",True,0,0,967,10,12,0,0,,5.2
503,"(1, 2, 7, 13, 15)",True,0,0,1281,10,12,0,0,,6.9
507,"(1, 2, 7, 13, 19)",True,0,0,599,10,12,0,0,,3.2
505,"(1, 2, 7, 13, 17)",True,0,0,1239,10,12,0,0,,6.7
508,"(1, 2, 7, 13, 20)",True,0,0,651,10,12,0,0,,3.5
512,"(1, 2, 7, 14, 18)",True,0,0,687,9,13,0,0,,3.7
510,"(1, 2, 7, 14, 16)",True,0,0,1419,12,13,0,0,,7.6
511,"(1, 2, 7, 14, 17)",True,0,0,1551,12,13,0,0,,8.4
509,"(1, 2, 7, 14, 15)",True,0,0,1797,12,13,0,0,,9.7
513,"(1, 2, 7, 14, 19)",True,0,0,735,10,13,0,0,,3.9
514,"(1, 2, 7, 14, 20)",True,0,0,1229,12,13,0,0,,6.6
517,"(1, 2, 7, 15, 18)",True,0,0,873,10,14,0,0,,4.7
515,"(1, 2, 7, 15, 16)",True,0,0,1557,13,14,0,0,,8.4
516,"(1, 2, 7, 15, 17)",True,0,0,1785,13,14,0,0,,9.6
518,"(1, 2, 7, 15, 19)",True,0,0,779,10,14,0,0,,4.2
519,"(1, 2, 7, 15, 20)",True,0,0,1483,13,14,0,0,,7.9
522,"(1, 2, 7, 16, 19)",True,0,0,927,11,18,0,0,,5.0
521,"(1, 2, 7, 16, 18)",True,0,0,1089,11,18,0,0,,5.8
520,"(1, 2, 7, 16, 17)",True,0,0,1763,13,13,0,0,,9.5
525,"(1, 2, 7, 17, 19)",True,0,0,719,10,13,0,0,,3.8
524,"(1, 2, 7, 17, 18)",True,0,0,1195,11,15,0,0,,6.4
523,"(1, 2, 7, 16, 20)",True,0,0,1797,13,15,0,0,,9.6
527,"(1, 2, 7, 18, 19)",True,0,0,773,12,20,0,0,,4.1
530,"(1, 2, 8, 9, 10)",True,0,0,457,10,13,0,0,,2.4
528,"(1, 2, 7, 18, 20)",True,0,0,959,12,15,0,0,,5.2
529,"(1, 2, 7, 19, 20)",True,0,0,659,10,15,0,0,,3.5
526,"(1, 2, 7, 17, 20)",True,0,0,2055,13,15,0,0,,11.1
533,"(1, 2, 8, 9, 13)",True,0,0,851,12,14,0,0,,4.5
532,"(1, 2, 8, 9, 12)",True,0,0,1203,13,18,0,0,,6.4
534,"(1, 2, 8, 9, 14)",True,0,0,1309,14,16,0,0,,7.0
537,"(1, 2, 8, 9, 18)",True,0,0,155,7,11,0,0,,0.8
538,"(1, 2, 8, 9, 19)",True,0,0,103,7,8,0,0,,0.5
531,"(1, 2, 8, 9, 11)",True,0,0,2209,16,21,0,0,,11.9
535,"(1, 2, 8, 9, 15)",True,0,0,1329,14,18,0,0,,7.1
536,"(1, 2, 8, 9, 17)",True,0,0,1399,13,15,0,0,,7.5
541,"(1, 2, 8, 10, 12)",True,0,0,819,11,14,0,0,,4.3
542,"(1, 2, 8, 10, 13)",True,0,0,4013,15,20,0,0,,21.6
544,"(1, 2, 8, 10, 15)",True,0,0,6541,19,24,0,0,,37.0
543,"(1, 2, 8, 10, 14)",True,1,1,9397,20,25,0,0,,57.0
539,"(1, 2, 8, 9, 20)",True,1,1,4219,47,60,0,0,,66.8
545,"(1, 2, 8, 10, 16)",True,0,0,973,11,14,0,0,,5.2
547,"(1, 2, 8, 10, 18)",True,0,0,275,7,11,0,0,,1.4
549,"(1, 2, 8, 10, 20)",True,0,0,613,14,16,0,0,,3.2
546,"(1, 2, 8, 10, 17)",True,0,0,2115,12,15,0,0,,11.3
550,"(1, 2, 8, 11, 12)",True,0,0,2221,15,19,0,0,,12.0
548,"(1, 2, 8, 10, 19)",True,1,1,4373,16,24,0,0,,29.1
540,"(1, 2, 8, 10, 11)",True,1,1,12993,20,29,0,0,,109.7
551,"(1, 2, 8, 11, 13)",True,0,0,9111,20,24,0,0,,50.4
554,"(1, 2, 8, 11, 16)",True,0,0,4045,17,21,0,0,,22.1
556,"(1, 2, 8, 11, 18)",True,0,0,295,7,11,0,0,,1.3
555,"(1, 2, 8, 11, 17)",True,0,0,3889,15,15,0,0,,24.1
558,"(1, 2, 8, 11, 20)",True,0,0,2437,17,20,0,0,,13.1
559,"(1, 2, 8, 12, 13)",True,0,0,1235,13,14,0,0,,6.7
560,"(1, 2, 8, 12, 14)",True,0,0,1697,14,15,0,0,,9.1
561,"(1, 2, 8, 12, 15)",True,0,0,1673,14,16,0,0,,9.0
553,"(1, 2, 8, 11, 15)",True,0,0,14803,18,24,0,0,,100.5
562,"(1, 2, 8, 12, 16)",True,0,0,1963,15,17,0,0,,10.5
564,"(1, 2, 8, 12, 18)",True,0,0,237,7,11,0,0,,1.2
565,"(1, 2, 8, 12, 19)",True,0,0,299,10,14,0,0,,1.6
566,"(1, 2, 8, 12, 20)",True,0,0,995,15,19,0,0,,5.3
563,"(1, 2, 8, 12, 17)",True,0,0,2205,15,15,0,0,,11.9
552,"(1, 2, 8, 11, 14)",True,0,0,17377,19,24,0,0,,127.9
557,"(1, 2, 8, 11, 19)",True,1,1,7373,20,40,0,0,,84.5
569,"(1, 2, 8, 13, 16)",True,0,0,1367,13,14,0,0,,7.4
571,"(1, 2, 8, 13, 18)",True,0,0,297,7,11,0,0,,1.6
568,"(1, 2, 8, 13, 15)",True,0,0,3319,13,17,0,0,,18.0
567,"(1, 2, 8, 13, 14)",True,0,0,4109,13,18,0,0,,22.2
573,"(1, 2, 8, 13, 20)",True,0,0,489,11,13,0,0,,2.6
570,"(1, 2, 8, 13, 17)",True,0,0,2773,13,15,0,0,,15.0
572,"(1, 2, 8, 13, 19)",True,0,0,2597,19,24,0,0,,14.2
577,"(1, 2, 8, 14, 18)",True,0,0,297,7,11,0,0,,1.6
575,"(1, 2, 8, 14, 16)",True,0,0,2335,14,17,0,0,,12.6
579,"(1, 2, 8, 14, 20)",True,0,0,1195,14,16,0,0,,6.4
576,"(1, 2, 8, 14, 17)",True,0,0,3395,14,15,0,0,,18.3
580,"(1, 2, 8, 15, 16)",True,0,0,2421,14,18,0,0,,13.0
582,"(1, 2, 8, 15, 18)",True,0,0,297,7,11,0,0,,1.5
581,"(1, 2, 8, 15, 17)",True,0,0,3077,14,15,0,0,,16.5
584,"(1, 2, 8, 15, 20)",True,0,0,1081,14,16,0,0,,5.8
578,"(1, 2, 8, 14, 19)",True,1,1,4477,18,45,0,0,,38.1
586,"(1, 2, 8, 16, 18)",True,0,0,243,7,11,0,0,,1.3
587,"(1, 2, 8, 16, 19)",True,0,0,351,9,14,0,0,,1.8
583,"(1, 2, 8, 15, 19)",True,0,0,3267,15,24,0,0,,21.4
589,"(1, 2, 8, 17, 18)",True,0,0,295,7,11,0,0,,1.6
585,"(1, 2, 8, 16, 17)",True,0,0,2421,15,15,0,0,,13.0
590,"(1, 2, 8, 17, 19)",True,0,0,1047,11,15,0,0,,5.6
592,"(1, 2, 8, 18, 19)",True,0,0,183,6,11,0,0,,0.9
591,"(1, 2, 8, 17, 20)",True,0,0,993,15,15,0,0,,5.3
593,"(1, 2, 8, 18, 20)",True,0,0,113,7,10,0,0,,0.6
594,"(1, 2, 8, 19, 20)",True,0,0,333,12,15,0,0,,1.7
595,"(1, 2, 9, 10, 11)",True,0,0,543,11,13,0,0,,2.9
596,"(1, 2, 9, 10, 12)",True,0,0,575,11,13,0,0,,3.0
597,"(1, 2, 9, 10, 13)",True,0,0,633,11,13,0,0,,3.4
598,"(1, 2, 9, 10, 14)",True,0,0,623,11,13,0,0,,3.3
599,"(1, 2, 9, 10, 15)",True,0,0,565,11,13,0,0,,3.0
600,"(1, 2, 9, 10, 16)",True,0,0,531,11,13,0,0,,2.8
602,"(1, 2, 9, 10, 18)",True,0,0,255,9,12,0,0,,1.3
603,"(1, 2, 9, 10, 19)",True,0,0,111,7,8,0,0,,0.5
601,"(1, 2, 9, 10, 17)",True,0,0,661,11,13,0,0,,3.5
604,"(1, 2, 9, 10, 20)",True,0,0,171,10,12,0,0,,0.9
606,"(1, 2, 9, 11, 13)",True,0,0,1017,12,14,0,0,,5.4
605,"(1, 2, 9, 11, 12)",True,0,0,1289,13,16,0,0,,6.9
607,"(1, 2, 9, 11, 14)",True,0,0,1823,14,18,0,0,,9.9
608,"(1, 2, 9, 11, 15)",True,0,0,1859,15,19,0,0,,10.0
610,"(1, 2, 9, 11, 17)",True,0,0,1617,13,15,0,0,,8.7
611,"(1, 2, 9, 11, 18)",True,0,0,253,8,12,0,0,,1.3
612,"(1, 2, 9, 11, 19)",True,0,0,111,7,8,0,0,,0.6
609,"(1, 2, 9, 11, 16)",True,0,0,2553,16,22,0,0,,13.8
614,"(1, 2, 9, 12, 13)",True,0,0,953,12,14,0,0,,5.1
613,"(1, 2, 9, 11, 20)",True,0,0,1497,17,24,0,0,,8.1
615,"(1, 2, 9, 12, 14)",True,0,0,1249,13,15,0,0,,6.7
616,"(1, 2, 9, 12, 15)",True,0,0,1363,13,16,0,0,,7.3
617,"(1, 2, 9, 12, 16)",True,0,0,1467,13,17,0,0,,7.8
619,"(1, 2, 9, 12, 18)",True,0,0,367,9,16,0,0,,1.9
620,"(1, 2, 9, 12, 19)",True,0,0,109,7,8,0,0,,0.5
574,"(1, 2, 8, 14, 15)",True,0,0,17235,20,24,0,0,,130.0
618,"(1, 2, 9, 12, 17)",True,0,0,1897,13,15,0,0,,10.2
621,"(1, 2, 9, 12, 20)",True,0,0,1037,15,20,0,0,,5.6
622,"(1, 2, 9, 13, 14)",True,0,0,1349,12,15,0,0,,7.2
623,"(1, 2, 9, 13, 15)",True,0,0,1287,12,18,0,0,,6.9
626,"(1, 2, 9, 13, 18)",True,0,0,275,8,12,0,0,,1.4
627,"(1, 2, 9, 13, 19)",True,0,0,111,7,8,0,0,,0.5
624,"(1, 2, 9, 13, 16)",True,0,0,973,12,14,0,0,,5.2
628,"(1, 2, 9, 13, 20)",True,0,0,233,10,12,0,0,,1.2
625,"(1, 2, 9, 13, 17)",True,0,0,1315,12,15,0,0,,7.0
630,"(1, 2, 9, 14, 16)",True,0,0,1565,14,17,0,0,,8.4
588,"(1, 2, 8, 16, 20)",True,1,1,7469,47,60,0,0,,101.3
632,"(1, 2, 9, 14, 18)",True,0,0,267,8,12,0,0,,1.4
633,"(1, 2, 9, 14, 19)",True,0,0,111,7,8,0,0,,0.6
631,"(1, 2, 9, 14, 17)",True,0,0,1777,13,15,0,0,,9.6
634,"(1, 2, 9, 14, 20)",True,0,0,461,13,16,0,0,,2.4
637,"(1, 2, 9, 15, 18)",True,0,0,301,9,13,0,0,,1.6
638,"(1, 2, 9, 15, 19)",True,0,0,111,7,8,0,0,,0.5
639,"(1, 2, 9, 15, 20)",True,0,0,521,13,15,0,0,,2.8
635,"(1, 2, 9, 15, 16)",True,0,0,1621,14,18,0,0,,8.7
641,"(1, 2, 9, 16, 18)",True,0,0,223,8,12,0,0,,1.2
642,"(1, 2, 9, 16, 19)",True,0,0,111,7,8,0,0,,0.5
629,"(1, 2, 9, 14, 15)",True,0,0,3841,17,24,0,0,,22.1
636,"(1, 2, 9, 15, 17)",True,0,0,1855,13,15,0,0,,10.1
645,"(1, 2, 9, 17, 19)",True,0,0,111,7,8,0,0,,0.6
644,"(1, 2, 9, 17, 18)",True,0,0,421,9,15,0,0,,2.3
647,"(1, 2, 9, 18, 19)",True,0,0,87,6,8,0,0,,0.4
648,"(1, 2, 9, 18, 20)",True,0,0,213,9,15,0,0,,1.1
649,"(1, 2, 9, 19, 20)",True,0,0,57,7,7,0,0,,0.3
640,"(1, 2, 9, 16, 17)",True,0,0,1695,13,15,0,0,,9.2
646,"(1, 2, 9, 17, 20)",True,0,0,911,13,15,0,0,,4.9
650,"(1, 2, 10, 11, 12)",True,0,0,1327,11,15,0,0,,7.1
651,"(1, 2, 10, 11, 13)",True,0,0,5269,15,19,0,0,,28.6
654,"(1, 2, 10, 11, 16)",True,0,0,1517,12,15,0,0,,8.2
653,"(1, 2, 10, 11, 15)",True,0,0,7577,19,24,0,0,,41.1
656,"(1, 2, 10, 11, 18)",True,0,0,633,9,14,0,0,,3.4
655,"(1, 2, 10, 11, 17)",True,0,0,2917,13,15,0,0,,15.8
658,"(1, 2, 10, 11, 20)",True,0,0,669,13,15,0,0,,3.6
652,"(1, 2, 10, 11, 14)",True,0,0,11229,20,24,0,0,,60.8
659,"(1, 2, 10, 12, 13)",True,0,0,1485,11,14,0,0,,8.0
643,"(1, 2, 9, 16, 20)",True,1,1,5077,47,60,0,0,,77.8
660,"(1, 2, 10, 12, 14)",True,0,0,1917,12,15,0,0,,10.3
661,"(1, 2, 10, 12, 15)",True,0,0,2199,12,17,0,0,,11.8
664,"(1, 2, 10, 12, 18)",True,0,0,1557,13,19,0,0,,8.4
662,"(1, 2, 10, 12, 16)",True,0,0,2445,14,18,0,0,,13.2
663,"(1, 2, 10, 12, 17)",True,0,0,2497,13,15,0,0,,13.5
657,"(1, 2, 10, 11, 19)",True,1,1,5813,17,24,0,0,,38.2
666,"(1, 2, 10, 12, 20)",True,0,0,959,13,19,0,0,,5.1
665,"(1, 2, 10, 12, 19)",True,0,0,1265,12,18,0,0,,6.8
669,"(1, 2, 10, 13, 16)",True,0,0,1599,11,14,0,0,,8.7
671,"(1, 2, 10, 13, 18)",True,0,0,907,9,14,0,0,,4.9
670,"(1, 2, 10, 13, 17)",True,0,0,3389,13,15,0,0,,18.3
668,"(1, 2, 10, 13, 15)",True,0,0,4321,12,18,0,0,,23.5
673,"(1, 2, 10, 13, 20)",True,0,0,609,11,13,0,0,,3.3
667,"(1, 2, 10, 13, 14)",True,0,0,5045,13,18,0,0,,27.4
675,"(1, 2, 10, 14, 16)",True,0,0,2507,13,16,0,0,,13.5
677,"(1, 2, 10, 14, 18)",True,0,0,1285,10,16,0,0,,6.9
676,"(1, 2, 10, 14, 17)",True,0,0,3837,13,15,0,0,,20.7
679,"(1, 2, 10, 14, 20)",True,0,0,1279,14,16,0,0,,6.9
672,"(1, 2, 10, 13, 19)",True,1,1,6519,16,24,0,0,,44.8
680,"(1, 2, 10, 15, 16)",True,0,0,3535,16,19,0,0,,19.1
681,"(1, 2, 10, 15, 17)",True,0,0,3791,12,15,0,0,,20.5
682,"(1, 2, 10, 15, 18)",True,0,0,1885,11,20,0,0,,10.3
684,"(1, 2, 10, 15, 20)",True,0,0,1775,14,18,0,0,,9.6
678,"(1, 2, 10, 14, 19)",True,1,1,7801,19,29,0,0,,53.4
685,"(1, 2, 10, 16, 17)",True,0,0,2713,13,15,0,0,,14.7
686,"(1, 2, 10, 16, 18)",True,1,1,4447,18,36,0,0,,34.9
687,"(1, 2, 10, 16, 19)",True,1,1,4423,16,24,0,0,,29.6
683,"(1, 2, 10, 15, 19)",True,1,1,8263,18,28,0,0,,55.2
689,"(1, 2, 10, 17, 18)",True,0,0,1507,13,15,0,0,,8.1
690,"(1, 2, 10, 17, 19)",True,0,0,2141,11,15,0,0,,11.5
691,"(1, 2, 10, 17, 20)",True,0,0,1071,13,15,0,0,,5.8
674,"(1, 2, 10, 14, 15)",True,0,0,20951,20,24,0,0,,129.2
692,"(1, 2, 10, 18, 19)",True,1,1,2395,17,24,0,0,,16.3
694,"(1, 2, 10, 19, 20)",True,1,1,2941,16,24,0,0,,19.4
693,"(1, 2, 10, 18, 20)",True,1,1,2919,17,30,0,0,,23.2
695,"(1, 2, 11, 12, 13)",True,0,0,1797,13,14,0,0,,9.7
697,"(1, 2, 11, 12, 15)",True,0,0,2321,14,16,0,0,,12.5
696,"(1, 2, 11, 12, 14)",True,0,0,2425,14,15,0,0,,13.0
698,"(1, 2, 11, 12, 16)",True,0,0,2503,15,17,0,0,,13.5
700,"(1, 2, 11, 12, 18)",True,0,0,591,9,14,0,0,,3.1
701,"(1, 2, 11, 12, 19)",True,0,0,611,10,15,0,0,,3.3
702,"(1, 2, 11, 12, 20)",True,0,0,853,15,19,0,0,,4.6
699,"(1, 2, 11, 12, 17)",True,0,0,2831,15,15,0,0,,15.3
688,"(1, 2, 10, 16, 20)",True,1,1,7029,21,35,0,0,,68.8
705,"(1, 2, 11, 13, 16)",True,0,0,1873,13,14,0,0,,10.1
707,"(1, 2, 11, 13, 18)",True,0,0,947,9,18,0,0,,5.0
704,"(1, 2, 11, 13, 15)",True,0,0,4657,13,17,0,0,,25.2
709,"(1, 2, 11, 13, 20)",True,0,0,607,11,13,0,0,,3.2
706,"(1, 2, 11, 13, 17)",True,0,0,3953,13,15,0,0,,21.3
703,"(1, 2, 11, 13, 14)",True,0,0,6141,13,18,0,0,,33.3
708,"(1, 2, 11, 13, 19)",True,0,0,3363,19,24,0,0,,18.2
713,"(1, 2, 11, 14, 18)",True,0,0,877,9,15,0,0,,4.7
711,"(1, 2, 11, 14, 16)",True,0,0,3173,14,17,0,0,,16.9
715,"(1, 2, 11, 14, 20)",True,0,0,1379,14,16,0,0,,7.7
712,"(1, 2, 11, 14, 17)",True,0,0,4813,14,15,0,0,,26.5
716,"(1, 2, 11, 15, 16)",True,0,0,3197,14,18,0,0,,21.1
718,"(1, 2, 11, 15, 18)",True,0,0,705,9,14,0,0,,3.8
717,"(1, 2, 11, 15, 17)",True,0,0,4229,14,15,0,0,,25.1
720,"(1, 2, 11, 15, 20)",True,0,0,1255,14,15,0,0,,6.8
714,"(1, 2, 11, 14, 19)",True,1,1,5955,15,33,0,0,,44.7
722,"(1, 2, 11, 16, 18)",True,0,0,551,9,14,0,0,,2.9
723,"(1, 2, 11, 16, 19)",True,0,0,657,10,15,0,0,,3.5
719,"(1, 2, 11, 15, 19)",True,0,0,4111,15,24,0,0,,25.0
721,"(1, 2, 11, 16, 17)",True,0,0,3103,15,15,0,0,,16.9
725,"(1, 2, 11, 17, 18)",True,0,0,833,9,15,0,0,,4.5
726,"(1, 2, 11, 17, 19)",True,0,0,1545,11,15,0,0,,8.4
727,"(1, 2, 11, 17, 20)",True,0,0,1061,15,15,0,0,,5.7
729,"(1, 2, 11, 18, 20)",True,0,0,203,8,10,0,0,,1.1
728,"(1, 2, 11, 18, 19)",True,0,0,409,8,14,0,0,,2.2
730,"(1, 2, 11, 19, 20)",True,0,0,349,12,15,0,0,,1.9
732,"(1, 2, 12, 13, 15)",True,0,0,1915,13,14,0,0,,10.5
731,"(1, 2, 12, 13, 14)",True,0,0,2181,13,14,0,0,,11.8
733,"(1, 2, 12, 13, 16)",True,0,0,1937,13,14,0,0,,10.4
734,"(1, 2, 12, 13, 17)",True,0,0,2203,13,14,0,0,,11.8
735,"(1, 2, 12, 13, 18)",True,0,0,799,9,14,0,0,,4.3
736,"(1, 2, 12, 13, 19)",True,0,0,765,11,14,0,0,,4.1
737,"(1, 2, 12, 13, 20)",True,0,0,367,10,11,0,0,,1.9
738,"(1, 2, 12, 14, 15)",True,0,0,2977,14,16,0,0,,16.0
739,"(1, 2, 12, 14, 16)",True,0,0,2963,14,16,0,0,,16.0
741,"(1, 2, 12, 14, 18)",True,0,0,985,10,16,0,0,,5.3
724,"(1, 2, 11, 16, 20)",True,1,1,5863,31,52,0,0,,72.4
742,"(1, 2, 12, 14, 19)",True,0,0,947,11,15,0,0,,5.0
743,"(1, 2, 12, 14, 20)",True,0,0,629,14,14,0,0,,3.3
740,"(1, 2, 12, 14, 17)",True,0,0,3241,14,15,0,0,,17.5
746,"(1, 2, 12, 15, 18)",True,0,0,1265,11,17,0,0,,6.8
744,"(1, 2, 12, 15, 16)",True,0,0,3471,14,17,0,0,,18.6
747,"(1, 2, 12, 15, 19)",True,0,0,1039,11,17,0,0,,5.5
745,"(1, 2, 12, 15, 17)",True,0,0,3697,14,15,0,0,,19.9
748,"(1, 2, 12, 15, 20)",True,0,0,1021,14,16,0,0,,5.4
750,"(1, 2, 12, 16, 18)",True,0,0,1455,13,18,0,0,,7.8
751,"(1, 2, 12, 16, 19)",True,0,0,1281,12,18,0,0,,6.9
752,"(1, 2, 12, 16, 20)",True,0,0,1507,15,17,0,0,,8.1
753,"(1, 2, 12, 17, 18)",True,0,0,1683,13,15,0,0,,9.0
749,"(1, 2, 12, 16, 17)",True,0,0,3999,15,15,0,0,,21.6
754,"(1, 2, 12, 17, 19)",True,0,0,1161,11,15,0,0,,6.2
756,"(1, 2, 12, 18, 19)",True,0,0,1017,12,18,0,0,,5.5
758,"(1, 2, 12, 19, 20)",True,0,0,417,12,18,0,0,,2.2
757,"(1, 2, 12, 18, 20)",True,0,0,1061,13,21,0,0,,5.7
755,"(1, 2, 12, 17, 20)",True,0,0,2097,15,15,0,0,,11.3
760,"(1, 2, 13, 14, 16)",True,0,0,2323,13,14,0,0,,12.5
762,"(1, 2, 13, 14, 18)",True,0,0,1759,11,18,0,0,,9.5
761,"(1, 2, 13, 14, 17)",True,0,0,4669,13,15,0,0,,25.2
764,"(1, 2, 13, 14, 20)",True,0,0,745,11,13,0,0,,4.0
759,"(1, 2, 13, 14, 15)",True,0,0,6045,13,17,0,0,,32.6
763,"(1, 2, 13, 14, 19)",True,0,0,2631,14,18,0,0,,14.2
767,"(1, 2, 13, 15, 18)",True,0,0,1193,9,14,0,0,,6.4
765,"(1, 2, 13, 15, 16)",True,0,0,2165,13,14,0,0,,11.6
769,"(1, 2, 13, 15, 20)",True,0,0,755,11,13,0,0,,4.0
766,"(1, 2, 13, 15, 17)",True,0,0,3843,13,15,0,0,,20.8
710,"(1, 2, 11, 14, 15)",True,1,1,28551,22,35,0,0,,245.4
768,"(1, 2, 13, 15, 19)",True,0,0,2155,11,18,0,0,,11.6
773,"(1, 2, 13, 16, 20)",True,0,0,475,10,12,0,0,,2.5
771,"(1, 2, 13, 16, 18)",True,0,0,789,9,14,0,0,,4.2
772,"(1, 2, 13, 16, 19)",True,0,0,821,11,14,0,0,,4.4
770,"(1, 2, 13, 16, 17)",True,0,0,2317,13,14,0,0,,12.5
776,"(1, 2, 13, 17, 20)",True,0,0,591,10,12,0,0,,3.1
777,"(1, 2, 13, 18, 19)",True,0,0,555,8,14,0,0,,2.9
778,"(1, 2, 13, 18, 20)",True,0,0,331,8,13,0,0,,1.7
774,"(1, 2, 13, 17, 18)",True,0,0,1229,9,15,0,0,,6.6
779,"(1, 2, 13, 19, 20)",True,0,0,347,10,13,0,0,,1.8
775,"(1, 2, 13, 17, 19)",True,0,0,1835,12,15,0,0,,9.9
782,"(1, 2, 14, 15, 18)",True,0,0,2495,12,21,0,0,,13.5
780,"(1, 2, 14, 15, 16)",True,0,0,4317,14,17,0,0,,23.3
784,"(1, 2, 14, 15, 20)",True,0,0,1871,14,15,0,0,,10.1
781,"(1, 2, 14, 15, 17)",True,0,0,5581,14,15,0,0,,30.1
786,"(1, 2, 14, 16, 18)",True,0,0,1121,11,16,0,0,,6.0
787,"(1, 2, 14, 16, 19)",True,0,0,1193,11,16,0,0,,6.4
788,"(1, 2, 14, 16, 20)",True,0,0,1167,14,15,0,0,,6.2
785,"(1, 2, 14, 16, 17)",True,0,0,3867,14,15,0,0,,20.9
789,"(1, 2, 14, 17, 18)",True,0,0,1453,11,15,0,0,,7.8
790,"(1, 2, 14, 17, 19)",True,0,0,1959,12,15,0,0,,10.6
792,"(1, 2, 14, 18, 19)",True,0,0,733,11,15,0,0,,3.9
791,"(1, 2, 14, 17, 20)",True,0,0,1039,14,14,0,0,,5.6
793,"(1, 2, 14, 18, 20)",True,0,0,453,10,14,0,0,,2.4
794,"(1, 2, 14, 19, 20)",True,0,0,645,12,15,0,0,,3.4
783,"(1, 2, 14, 15, 19)",True,0,0,8831,19,24,0,0,,54.9
796,"(1, 2, 15, 16, 18)",True,0,0,1801,12,19,0,0,,9.7
797,"(1, 2, 15, 16, 19)",True,0,0,1729,13,19,0,0,,9.3
798,"(1, 2, 15, 16, 20)",True,0,0,1639,14,18,0,0,,8.8
799,"(1, 2, 15, 17, 18)",True,0,0,1601,11,15,0,0,,8.6
800,"(1, 2, 15, 17, 19)",True,0,0,1785,11,15,0,0,,9.6
795,"(1, 2, 15, 16, 17)",True,0,0,4279,14,15,0,0,,23.1
802,"(1, 2, 15, 18, 19)",True,0,0,965,12,18,0,0,,5.2
801,"(1, 2, 15, 17, 20)",True,0,0,1397,14,14,0,0,,7.5
803,"(1, 2, 15, 18, 20)",True,0,0,863,11,18,0,0,,4.6
804,"(1, 2, 15, 19, 20)",True,0,0,803,13,18,0,0,,4.3
805,"(1, 2, 16, 17, 18)",True,0,0,1385,13,15,0,0,,7.4
806,"(1, 2, 16, 17, 19)",True,0,0,1329,11,15,0,0,,7.1
807,"(1, 2, 16, 17, 20)",True,0,0,1629,15,15,0,0,,8.8
811,"(1, 2, 17, 18, 19)",True,0,0,921,11,15,0,0,,4.9
808,"(1, 2, 16, 18, 19)",True,0,0,2267,15,23,0,0,,12.2
813,"(1, 2, 17, 19, 20)",True,0,0,511,11,15,0,0,,2.7
812,"(1, 2, 17, 18, 20)",True,0,0,873,13,15,0,0,,4.6
814,"(1, 2, 18, 19, 20)",True,0,0,1503,15,24,0,0,,9.5
810,"(1, 2, 16, 19, 20)",True,1,1,3879,22,33,0,0,,25.8
809,"(1, 2, 16, 18, 20)",True,1,1,4115,18,26,0,0,,29.3
