idx,subset,t2_feasible,t1_feasible,t1_sols,matched,extra,missed,category
0,"(1, 2, 3, 4, 5)",False,False,0,0,0,0,agree_infeasible
1,"(1, 2, 3, 4, 6)",False,False,0,0,0,0,agree_infeasible
2,"(1, 2, 3, 4, 7)",False,False,0,0,0,0,agree_infeasible
3,"(1, 2, 3, 4, 8)",True,True,1,1,0,0,agree_feasible
4,"(1, 2, 3, 4, 9)",False,False,0,0,0,0,agree_infeasible
5,"(1, 2, 3, 4, 10)",True,True,1,1,0,0,agree_feasible
6,"(1, 2, 3, 4, 11)",True,True,1,1,0,0,agree_feasible
7,"(1, 2, 3, 4, 12)",False,False,0,0,0,0,agree_infeasible
8,"(1, 2, 3, 4, 13)",False,False,0,0,0,0,agree_infeasible
9,"(1, 2, 3, 4, 14)",False,False,0,0,0,0,agree_infeasible
10,"(1, 2, 3, 4, 15)",False,False,0,0,0,0,agree_infeasible
11,"(1, 2, 3, 4, 16)",False,False,0,0,0,0,agree_infeasible
12,"(1, 2, 3, 4, 17)",False,False,0,0,0,0,agree_infeasible
13,"(1, 2, 3, 4, 18)",False,False,0,0,0,0,agree_infeasible
14,"(1, 2, 3, 4, 19)",True,True,1,1,0,0,agree_feasible
15,"(1, 2, 3, 4, 20)",False,False,0,0,0,0,agree_infeasible
16,"(1, 2, 3, 5, 6)",False,False,0,0,0,0,agree_infeasible
17,"(1, 2, 3, 5, 7)",False,False,0,0,0,0,agree_infeasible
18,"(1, 2, 3, 5, 8)",True,True,1,1,0,0,agree_feasible
19,"(1, 2, 3, 5, 9)",False,False,0,0,0,0,agree_infeasible
20,"(1, 2, 3, 5, 10)",True,True,1,1,0,0,agree_feasible
21,"(1, 2, 3, 5, 11)",True,True,1,1,0,0,agree_feasible
22,"(1, 2, 3, 5, 12)",False,False,0,0,0,0,agree_infeasible
23,"(1, 2, 3, 5, 13)",False,False,0,0,0,0,agree_infeasible
24,"(1, 2, 3, 5, 14)",False,False,0,0,0,0,agree_infeasible
25,"(1, 2, 3, 5, 15)",True,True,1,1,0,0,agree_feasible
26,"(1, 2, 3, 5, 16)",False,False,0,0,0,0,agree_infeasible
27,"(1, 2, 3, 5, 17)",False,False,0,0,0,0,agree_infeasible
28,"(1, 2, 3, 5, 18)",False,False,0,0,0,0,agree_infeasible
29,"(1, 2, 3, 5, 19)",True,True,1,1,0,0,agree_feasible
30,"(1, 2, 3, 5, 20)",False,False,0,0,0,0,agree_infeasible
31,"(1, 2, 3, 6, 7)",False,False,0,0,0,0,agree_infeasible
32,"(1, 2, 3, 6, 8)",False,False,0,0,0,0,agree_infeasible
33,"(1, 2, 3, 6, 9)",False,False,0,0,0,0,agree_infeasible
34,"(1, 2, 3, 6, 10)",False,False,0,0,0,0,agree_infeasible
35,"(1, 2, 3, 6, 11)",False,False,0,0,0,0,agree_infeasible
36,"(1, 2, 3, 6, 12)",False,False,0,0,0,0,agree_infeasible
37,"(1, 2, 3, 6, 13)",False,False,0,0,0,0,agree_infeasible
38,"(1, 2, 3, 6, 14)",False,False,0,0,0,0,agree_infeasible
39,"(1, 2, 3, 6, 15)",False,False,0,0,0,0,agree_infeasible
40,"(1, 2, 3, 6, 16)",False,False,0,0,0,0,agree_infeasible
41,"(1, 2, 3, 6, 17)",False,False,0,0,0,0,agree_infeasible
42,"(1, 2, 3, 6, 18)",False,False,0,0,0,0,agree_infeasible
43,"(1, 2, 3, 6, 19)",False,False,0,0,0,0,agree_infeasible
44,"(1, 2, 3, 6, 20)",False,False,0,0,0,0,agree_infeasible
45,"(1, 2, 3, 7, 8)",False,False,0,0,0,0,agree_infeasible
46,"(1, 2, 3, 7, 9)",False,False,0,0,0,0,agree_infeasible
47,"(1, 2, 3, 7, 10)",False,False,0,0,0,0,agree_infeasible
48,"(1, 2, 3, 7, 11)",False,False,0,0,0,0,agree_infeasible
49,"(1, 2, 3, 7, 12)",False,False,0,0,0,0,agree_infeasible
50,"(1, 2, 3, 7, 13)",False,False,0,0,0,0,agree_infeasible
51,"(1, 2, 3, 7, 14)",False,False,0,0,0,0,agree_infeasible
52,"(1, 2, 3, 7, 15)",False,False,0,0,0,0,agree_infeasible
53,"(1, 2, 3, 7, 16)",False,False,0,0,0,0,agree_infeasible
54,"(1, 2, 3, 7, 17)",False,False,0,0,0,0,agree_infeasible
55,"(1, 2, 3, 7, 18)",False,False,0,0,0,0,agree_infeasible
56,"(1, 2, 3, 7, 19)",False,False,0,0,0,0,agree_infeasible
57,"(1, 2, 3, 7, 20)",False,False,0,0,0,0,agree_infeasible
58,"(1, 2, 3, 8, 9)",True,True,1,1,0,0,agree_feasible
59,"(1, 2, 3, 8, 10)",True,True,1,1,0,0,agree_feasible
60,"(1, 2, 3, 8, 11)",True,True,1,1,0,0,agree_feasible
61,"(1, 2, 3, 8, 12)",False,False,0,0,0,0,agree_infeasible
62,"(1, 2, 3, 8, 13)",True,True,1,1,0,0,agree_feasible
63,"(1, 2, 3, 8, 14)",True,True,1,1,0,0,agree_feasible
64,"(1, 2, 3, 8, 15)",True,True,1,1,0,0,agree_feasible
65,"(1, 2, 3, 8, 16)",True,True,1,1,0,0,agree_feasible
66,"(1, 2, 3, 8, 17)",False,False,0,0,0,0,agree_infeasible
67,"(1, 2, 3, 8, 18)",False,False,0,0,0,0,agree_infeasible
68,"(1, 2, 3, 8, 19)",True,True,1,1,0,0,agree_feasible
69,"(1, 2, 3, 8, 20)",True,True,1,1,0,0,agree_feasible
70,"(1, 2, 3, 9, 10)",False,False,0,0,0,0,agree_infeasible
71,"(1, 2, 3, 9, 11)",True,True,1,1,0,0,agree_feasible
72,"(1, 2, 3, 9, 12)",False,False,0,0,0,0,agree_infeasible
73,"(1, 2, 3, 9, 13)",False,False,0,0,0,0,agree_infeasible
74,"(1, 2, 3, 9, 14)",False,False,0,0,0,0,agree_infeasible
75,"(1, 2, 3, 9, 15)",False,False,0,0,0,0,agree_infeasible
76,"(1, 2, 3, 9, 16)",True,True,1,1,0,0,agree_feasible
77,"(1, 2, 3, 9, 17)",False,False,0,0,0,0,agree_infeasible
78,"(1, 2, 3, 9, 18)",False,False,0,0,0,0,agree_infeasible
79,"(1, 2, 3, 9, 19)",False,False,0,0,0,0,agree_infeasible
80,"(1, 2, 3, 9, 20)",True,True,1,1,0,0,agree_feasible
81,"(1, 2, 3, 10, 11)",True,True,1,1,0,0,agree_feasible
82,"(1, 2, 3, 10, 12)",False,False,0,0,0,0,agree_infeasible
83,"(1, 2, 3, 10, 13)",True,True,1,1,0,0,agree_feasible
84,"(1, 2, 3, 10, 14)",True,True,1,1,0,0,agree_feasible
85,"(1, 2, 3, 10, 15)",True,True,1,1,0,0,agree_feasible
86,"(1, 2, 3, 10, 16)",False,False,0,0,0,0,agree_infeasible
87,"(1, 2, 3, 10, 17)",False,False,0,0,0,0,agree_infeasible
88,"(1, 2, 3, 10, 18)",True,True,1,1,0,0,agree_feasible
89,"(1, 2, 3, 10, 19)",True,True,1,1,0,0,agree_feasible
90,"(1, 2, 3, 10, 20)",False,False,0,0,0,0,agree_infeasible
91,"(1, 2, 3, 11, 12)",False,False,0,0,0,0,agree_infeasible
92,"(1, 2, 3, 11, 13)",True,True,1,1,0,0,agree_feasible
93,"(1, 2, 3, 11, 14)",True,True,1,1,0,0,agree_feasible
94,"(1, 2, 3, 11, 15)",True,True,1,1,0,0,agree_feasible
95,"(1, 2, 3, 11, 16)",False,False,0,0,0,0,agree_infeasible
96,"(1, 2, 3, 11, 17)",False,False,0,0,0,0,agree_infeasible
97,"(1, 2, 3, 11, 18)",False,False,0,0,0,0,agree_infeasible
98,"(1, 2, 3, 11, 19)",True,True,1,1,0,0,agree_feasible
99,"(1, 2, 3, 11, 20)",False,False,0,0,0,0,agree_infeasible
100,"(1, 2, 3, 12, 13)",False,False,0,0,0,0,agree_infeasible
101,"(1, 2, 3, 12, 14)",False,False,0,0,0,0,agree_infeasible
102,"(1, 2, 3, 12, 15)",False,False,0,0,0,0,agree_infeasible
103,"(1, 2, 3, 12, 16)",False,False,0,0,0,0,agree_infeasible
104,"(1, 2, 3, 12, 17)",False,False,0,0,0,0,agree_infeasible
105,"(1, 2, 3, 12, 18)",False,False,0,0,0,0,agree_infeasible
106,"(1, 2, 3, 12, 19)",False,False,0,0,0,0,agree_infeasible
107,"(1, 2, 3, 12, 20)",False,False,0,0,0,0,agree_infeasible
108,"(1, 2, 3, 13, 14)",False,False,0,0,0,0,agree_infeasible
109,"(1, 2, 3, 13, 15)",False,False,0,0,0,0,agree_infeasible
110,"(1, 2, 3, 13, 16)",False,False,0,0,0,0,agree_infeasible
111,"(1, 2, 3, 13, 17)",False,False,0,0,0,0,agree_infeasible
112,"(1, 2, 3, 13, 18)",False,False,0,0,0,0,agree_infeasible
113,"(1, 2, 3, 13, 19)",True,True,1,1,0,0,agree_feasible
114,"(1, 2, 3, 13, 20)",False,False,0,0,0,0,agree_infeasible
115,"(1, 2, 3, 14, 15)",True,True,1,1,0,0,agree_feasible
116,"(1, 2, 3, 14, 16)",False,False,0,0,0,0,agree_infeasible
117,"(1, 2, 3, 14, 17)",False,False,0,0,0,0,agree_infeasible
118,"(1, 2, 3, 14, 18)",False,False,0,0,0,0,agree_infeasible
119,"(1, 2, 3, 14, 19)",True,True,1,1,0,0,agree_feasible
120,"(1, 2, 3, 14, 20)",False,False,0,0,0,0,agree_infeasible
121,"(1, 2, 3, 15, 16)",False,False,0,0,0,0,agree_infeasible
122,"(1, 2, 3, 15, 17)",False,False,0,0,0,0,agree_infeasible
123,"(1, 2, 3, 15, 18)",False,False,0,0,0,0,agree_infeasible
124,"(1, 2, 3, 15, 19)",True,True,1,1,0,0,agree_feasible
125,"(1, 2, 3, 15, 20)",False,False,0,0,0,0,agree_infeasible
126,"(1, 2, 3, 16, 17)",False,False,0,0,0,0,agree_infeasible
127,"(1, 2, 3, 16, 18)",True,True,1,1,0,0,agree_feasible
128,"(1, 2, 3, 16, 19)",True,True,1,1,0,0,agree_feasible
129,"(1, 2, 3, 16, 20)",True,True,1,1,0,0,agree_feasible
130,"(1, 2, 3, 17, 18)",False,False,0,0,0,0,agree_infeasible
131,"(1, 2, 3, 17, 19)",False,False,0,0,0,0,agree_infeasible
132,"(1, 2, 3, 17, 20)",False,False,0,0,0,0,agree_infeasible
133,"(1, 2, 3, 18, 19)",True,True,1,1,0,0,agree_feasible
134,"(1, 2, 3, 18, 20)",True,True,1,1,0,0,agree_feasible
135,"(1, 2, 3, 19, 20)",True,True,1,1,0,0,agree_feasible
136,"(1, 2, 4, 5, 6)",False,False,0,0,0,0,agree_infeasible
137,"(1, 2, 4, 5, 7)",False,False,0,0,0,0,agree_infeasible
138,"(1, 2, 4, 5, 8)",True,True,1,1,0,0,agree_feasible
139,"(1, 2, 4, 5, 9)",False,False,0,0,0,0,agree_infeasible
140,"(1, 2, 4, 5, 10)",True,True,1,1,0,0,agree_feasible
141,"(1, 2, 4, 5, 11)",True,True,1,1,0,0,agree_feasible
142,"(1, 2, 4, 5, 12)",False,False,0,0,0,0,agree_infeasible
143,"(1, 2, 4, 5, 13)",False,False,0,0,0,0,agree_infeasible
144,"(1, 2, 4, 5, 14)",False,False,0,0,0,0,agree_infeasible
145,"(1, 2, 4, 5, 15)",True,True,1,1,0,0,agree_feasible
146,"(1, 2, 4, 5, 16)",False,False,0,0,0,0,agree_infeasible
147,"(1, 2, 4, 5, 17)",False,False,0,0,0,0,agree_infeasible
148,"(1, 2, 4, 5, 18)",False,False,0,0,0,0,agree_infeasible
149,"(1, 2, 4, 5, 19)",True,True,1,1,0,0,agree_feasible
150,"(1, 2, 4, 5, 20)",False,False,0,0,0,0,agree_infeasible
151,"(1, 2, 4, 6, 7)",False,False,0,0,0,0,agree_infeasible
152,"(1, 2, 4, 6, 8)",False,False,0,0,0,0,agree_infeasible
153,"(1, 2, 4, 6, 9)",False,False,0,0,0,0,agree_infeasible
154,"(1, 2, 4, 6, 10)",False,False,0,0,0,0,agree_infeasible
155,"(1, 2, 4, 6, 11)",True,True,1,1,0,0,agree_feasible
156,"(1, 2, 4, 6, 12)",False,False,0,0,0,0,agree_infeasible
157,"(1, 2, 4, 6, 13)",False,False,0,0,0,0,agree_infeasible
158,"(1, 2, 4, 6, 14)",False,False,0,0,0,0,agree_infeasible
159,"(1, 2, 4, 6, 15)",False,False,0,0,0,0,agree_infeasible
160,"(1, 2, 4, 6, 16)",False,False,0,0,0,0,agree_infeasible
161,"(1, 2, 4, 6, 17)",False,False,0,0,0,0,agree_infeasible
162,"(1, 2, 4, 6, 18)",False,False,0,0,0,0,agree_infeasible
163,"(1, 2, 4, 6, 19)",False,False,0,0,0,0,agree_infeasible
164,"(1, 2, 4, 6, 20)",False,False,0,0,0,0,agree_infeasible
165,"(1, 2, 4, 7, 8)",False,False,0,0,0,0,agree_infeasible
166,"(1, 2, 4, 7, 9)",False,False,0,0,0,0,agree_infeasible
167,"(1, 2, 4, 7, 10)",False,False,0,0,0,0,agree_infeasible
168,"(1, 2, 4, 7, 11)",False,False,0,0,0,0,agree_infeasible
169,"(1, 2, 4, 7, 12)",False,False,0,0,0,0,agree_infeasible
170,"(1, 2, 4, 7, 13)",False,False,0,0,0,0,agree_infeasible
171,"(1, 2, 4, 7, 14)",False,False,0,0,0,0,agree_infeasible
172,"(1, 2, 4, 7, 15)",False,False,0,0,0,0,agree_infeasible
173,"(1, 2, 4, 7, 16)",False,False,0,0,0,0,agree_infeasible
174,"(1, 2, 4, 7, 17)",False,False,0,0,0,0,agree_infeasible
175,"(1, 2, 4, 7, 18)",False,False,0,0,0,0,agree_infeasible
176,"(1, 2, 4, 7, 19)",False,False,0,0,0,0,agree_infeasible
177,"(1, 2, 4, 7, 20)",False,False,0,0,0,0,agree_infeasible
178,"(1, 2, 4, 8, 9)",False,False,0,0,0,0,agree_infeasible
179,"(1, 2, 4, 8, 10)",True,True,1,1,0,0,agree_feasible
180,"(1, 2, 4, 8, 11)",True,True,1,1,0,0,agree_feasible
181,"(1, 2, 4, 8, 12)",False,False,0,0,0,0,agree_infeasible
182,"(1, 2, 4, 8, 13)",True,True,1,1,0,0,agree_feasible
183,"(1, 2, 4, 8, 14)",True,True,1,1,0,0,agree_feasible
184,"(1, 2, 4, 8, 15)",True,True,1,1,0,0,agree_feasible
185,"(1, 2, 4, 8, 16)",False,False,0,0,0,0,agree_infeasible
186,"(1, 2, 4, 8, 17)",False,False,0,0,0,0,agree_infeasible
187,"(1, 2, 4, 8, 18)",False,False,0,0,0,0,agree_infeasible
188,"(1, 2, 4, 8, 19)",True,True,1,1,0,0,agree_feasible
189,"(1, 2, 4, 8, 20)",False,False,0,0,0,0,agree_infeasible
190,"(1, 2, 4, 9, 10)",False,False,0,0,0,0,agree_infeasible
191,"(1, 2, 4, 9, 11)",True,True,1,1,0,0,agree_feasible
192,"(1, 2, 4, 9, 12)",False,False,0,0,0,0,agree_infeasible
193,"(1, 2, 4, 9, 13)",False,False,0,0,0,0,agree_infeasible
194,"(1, 2, 4, 9, 14)",False,False,0,0,0,0,agree_infeasible
195,"(1, 2, 4, 9, 15)",False,False,0,0,0,0,agree_infeasible
196,"(1, 2, 4, 9, 16)",False,False,0,0,0,0,agree_infeasible
197,"(1, 2, 4, 9, 17)",False,False,0,0,0,0,agree_infeasible
198,"(1, 2, 4, 9, 18)",False,False,0,0,0,0,agree_infeasible
199,"(1, 2, 4, 9, 19)",False,False,0,0,0,0,agree_infeasible
200,"(1, 2, 4, 9, 20)",False,False,0,0,0,0,agree_infeasible
201,"(1, 2, 4, 10, 11)",True,True,1,1,0,0,agree_feasible
202,"(1, 2, 4, 10, 12)",False,False,0,0,0,0,agree_infeasible
203,"(1, 2, 4, 10, 13)",False,False,0,0,0,0,agree_infeasible
204,"(1, 2, 4, 10, 14)",True,True,1,1,0,0,agree_feasible
205,"(1, 2, 4, 10, 15)",True,True,1,1,0,0,agree_feasible
206,"(1, 2, 4, 10, 16)",False,False,0,0,0,0,agree_infeasible
207,"(1, 2, 4, 10, 17)",False,False,0,0,0,0,agree_infeasible
208,"(1, 2, 4, 10, 18)",False,False,0,0,0,0,agree_infeasible
209,"(1, 2, 4, 10, 19)",True,True,1,1,0,0,agree_feasible
210,"(1, 2, 4, 10, 20)",False,False,0,0,0,0,agree_infeasible
211,"(1, 2, 4, 11, 12)",False,False,0,0,0,0,agree_infeasible
212,"(1, 2, 4, 11, 13)",True,True,1,1,0,0,agree_feasible
213,"(1, 2, 4, 11, 14)",True,True,1,1,0,0,agree_feasible
214,"(1, 2, 4, 11, 15)",True,True,1,1,0,0,agree_feasible
215,"(1, 2, 4, 11, 16)",True,False,0,0,0,1,t1_missed
216,"(1, 2, 4, 11, 17)",False,False,0,0,0,0,agree_infeasible
217,"(1, 2, 4, 11, 18)",False,False,0,0,0,0,agree_infeasible
218,"(1, 2, 4, 11, 19)",True,True,1,1,0,0,agree_feasible
219,"(1, 2, 4, 11, 20)",False,False,0,0,0,0,agree_infeasible
220,"(1, 2, 4, 12, 13)",False,False,0,0,0,0,agree_infeasible
221,"(1, 2, 4, 12, 14)",False,False,0,0,0,0,agree_infeasible
222,"(1, 2, 4, 12, 15)",False,False,0,0,0,0,agree_infeasible
223,"(1, 2, 4, 12, 16)",False,False,0,0,0,0,agree_infeasible
224,"(1, 2, 4, 12, 17)",False,False,0,0,0,0,agree_infeasible
225,"(1, 2, 4, 12, 18)",False,False,0,0,0,0,agree_infeasible
226,"(1, 2, 4, 12, 19)",False,False,0,0,0,0,agree_infeasible
227,"(1, 2, 4, 12, 20)",False,False,0,0,0,0,agree_infeasible
228,"(1, 2, 4, 13, 14)",False,False,0,0,0,0,agree_infeasible
229,"(1, 2, 4, 13, 15)",False,False,0,0,0,0,agree_infeasible
230,"(1, 2, 4, 13, 16)",False,False,0,0,0,0,agree_infeasible
231,"(1, 2, 4, 13, 17)",False,False,0,0,0,0,agree_infeasible
232,"(1, 2, 4, 13, 18)",False,False,0,0,0,0,agree_infeasible
233,"(1, 2, 4, 13, 19)",True,True,1,1,0,0,agree_feasible
234,"(1, 2, 4, 13, 20)",False,False,0,0,0,0,agree_infeasible
235,"(1, 2, 4, 14, 15)",True,True,1,1,0,0,agree_feasible
236,"(1, 2, 4, 14, 16)",False,False,0,0,0,0,agree_infeasible
237,"(1, 2, 4, 14, 17)",False,False,0,0,0,0,agree_infeasible
238,"(1, 2, 4, 14, 18)",False,False,0,0,0,0,agree_infeasible
239,"(1, 2, 4, 14, 19)",True,True,1,1,0,0,agree_feasible
240,"(1, 2, 4, 14, 20)",False,False,0,0,0,0,agree_infeasible
241,"(1, 2, 4, 15, 16)",False,False,0,0,0,0,agree_infeasible
242,"(1, 2, 4, 15, 17)",False,False,0,0,0,0,agree_infeasible
243,"(1, 2, 4, 15, 18)",False,False,0,0,0,0,agree_infeasible
244,"(1, 2, 4, 15, 19)",True,True,1,1,0,0,agree_feasible
245,"(1, 2, 4, 15, 20)",False,False,0,0,0,0,agree_infeasible
246,"(1, 2, 4, 16, 17)",False,False,0,0,0,0,agree_infeasible
247,"(1, 2, 4, 16, 18)",False,False,0,0,0,0,agree_infeasible
248,"(1, 2, 4, 16, 19)",False,False,0,0,0,0,agree_infeasible
249,"(1, 2, 4, 16, 20)",True,True,1,1,0,0,agree_feasible
250,"(1, 2, 4, 17, 18)",False,False,0,0,0,0,agree_infeasible
251,"(1, 2, 4, 17, 19)",False,False,0,0,0,0,agree_infeasible
252,"(1, 2, 4, 17, 20)",False,False,0,0,0,0,agree_infeasible
253,"(1, 2, 4, 18, 19)",False,False,0,0,0,0,agree_infeasible
254,"(1, 2, 4, 18, 20)",False,False,0,0,0,0,agree_infeasible
255,"(1, 2, 4, 19, 20)",False,False,0,0,0,0,agree_infeasible
256,"(1, 2, 5, 6, 7)",False,False,0,0,0,0,agree_infeasible
257,"(1, 2, 5, 6, 8)",True,True,1,1,0,0,agree_feasible
258,"(1, 2, 5, 6, 9)",False,False,0,0,0,0,agree_infeasible
259,"(1, 2, 5, 6, 10)",True,True,1,1,0,0,agree_feasible
260,"(1, 2, 5, 6, 11)",True,True,1,1,0,0,agree_feasible
261,"(1, 2, 5, 6, 12)",False,False,0,0,0,0,agree_infeasible
262,"(1, 2, 5, 6, 13)",False,False,0,0,0,0,agree_infeasible
263,"(1, 2, 5, 6, 14)",False,False,0,0,0,0,agree_infeasible
264,"(1, 2, 5, 6, 15)",True,True,1,1,0,0,agree_feasible
265,"(1, 2, 5, 6, 16)",False,False,0,0,0,0,agree_infeasible
266,"(1, 2, 5, 6, 17)",False,False,0,0,0,0,agree_infeasible
267,"(1, 2, 5, 6, 18)",True,True,1,1,0,0,agree_feasible
268,"(1, 2, 5, 6, 19)",True,True,1,1,0,0,agree_feasible
269,"(1, 2, 5, 6, 20)",False,False,0,0,0,0,agree_infeasible
270,"(1, 2, 5, 7, 8)",False,False,0,0,0,0,agree_infeasible
271,"(1, 2, 5, 7, 9)",False,False,0,0,0,0,agree_infeasible
272,"(1, 2, 5, 7, 10)",False,False,0,0,0,0,agree_infeasible
273,"(1, 2, 5, 7, 11)",False,False,0,0,0,0,agree_infeasible
274,"(1, 2, 5, 7, 12)",False,False,0,0,0,0,agree_infeasible
275,"(1, 2, 5, 7, 13)",False,False,0,0,0,0,agree_infeasible
276,"(1, 2, 5, 7, 14)",False,False,0,0,0,0,agree_infeasible
277,"(1, 2, 5, 7, 15)",False,False,0,0,0,0,agree_infeasible
278,"(1, 2, 5, 7, 16)",False,False,0,0,0,0,agree_infeasible
279,"(1, 2, 5, 7, 17)",False,False,0,0,0,0,agree_infeasible
280,"(1, 2, 5, 7, 18)",False,False,0,0,0,0,agree_infeasible
281,"(1, 2, 5, 7, 19)",False,False,0,0,0,0,agree_infeasible
282,"(1, 2, 5, 7, 20)",False,False,0,0,0,0,agree_infeasible
283,"(1, 2, 5, 8, 9)",False,False,0,0,0,0,agree_infeasible
284,"(1, 2, 5, 8, 10)",False,False,0,0,0,0,agree_infeasible
285,"(1, 2, 5, 8, 11)",False,False,0,0,0,0,agree_infeasible
286,"(1, 2, 5, 8, 12)",False,False,0,0,0,0,agree_infeasible
287,"(1, 2, 5, 8, 13)",False,False,0,0,0,0,agree_infeasible
288,"(1, 2, 5, 8, 14)",False,False,0,0,0,0,agree_infeasible
289,"(1, 2, 5, 8, 15)",True,True,1,1,0,0,agree_feasible
290,"(1, 2, 5, 8, 16)",False,False,0,0,0,0,agree_infeasible
291,"(1, 2, 5, 8, 17)",False,False,0,0,0,0,agree_infeasible
292,"(1, 2, 5, 8, 18)",False,False,0,0,0,0,agree_infeasible
293,"(1, 2, 5, 8, 19)",False,False,0,0,0,0,agree_infeasible
294,"(1, 2, 5, 8, 20)",False,False,0,0,0,0,agree_infeasible
295,"(1, 2, 5, 9, 10)",False,False,0,0,0,0,agree_infeasible
296,"(1, 2, 5, 9, 11)",False,False,0,0,0,0,agree_infeasible
297,"(1, 2, 5, 9, 12)",False,False,0,0,0,0,agree_infeasible
298,"(1, 2, 5, 9, 13)",False,False,0,0,0,0,agree_infeasible
299,"(1, 2, 5, 9, 14)",False,False,0,0,0,0,agree_infeasible
300,"(1, 2, 5, 9, 15)",False,False,0,0,0,0,agree_infeasible
301,"(1, 2, 5, 9, 16)",False,False,0,0,0,0,agree_infeasible
302,"(1, 2, 5, 9, 17)",False,False,0,0,0,0,agree_infeasible
303,"(1, 2, 5, 9, 18)",False,False,0,0,0,0,agree_infeasible
304,"(1, 2, 5, 9, 19)",False,False,0,0,0,0,agree_infeasible
305,"(1, 2, 5, 9, 20)",False,False,0,0,0,0,agree_infeasible
306,"(1, 2, 5, 10, 11)",False,False,0,0,0,0,agree_infeasible
307,"(1, 2, 5, 10, 12)",False,False,0,0,0,0,agree_infeasible
308,"(1, 2, 5, 10, 13)",False,False,0,0,0,0,agree_infeasible
309,"(1, 2, 5, 10, 14)",False,False,0,0,0,0,agree_infeasible
310,"(1, 2, 5, 10, 15)",True,True,1,1,0,0,agree_feasible
311,"(1, 2, 5, 10, 16)",False,False,0,0,0,0,agree_infeasible
312,"(1, 2, 5, 10, 17)",False,False,0,0,0,0,agree_infeasible
313,"(1, 2, 5, 10, 18)",False,False,0,0,0,0,agree_infeasible
314,"(1, 2, 5, 10, 19)",True,True,1,1,0,0,agree_feasible
315,"(1, 2, 5, 10, 20)",False,False,0,0,0,0,agree_infeasible
316,"(1, 2, 5, 11, 12)",False,False,0,0,0,0,agree_infeasible
317,"(1, 2, 5, 11, 13)",False,False,0,0,0,0,agree_infeasible
318,"(1, 2, 5, 11, 14)",False,False,0,0,0,0,agree_infeasible
319,"(1, 2, 5, 11, 15)",False,False,0,0,0,0,agree_infeasible
320,"(1, 2, 5, 11, 16)",False,False,0,0,0,0,agree_infeasible
321,"(1, 2, 5, 11, 17)",False,False,0,0,0,0,agree_infeasible
322,"(1, 2, 5, 11, 18)",False,False,0,0,0,0,agree_infeasible
323,"(1, 2, 5, 11, 19)",False,False,0,0,0,0,agree_infeasible
324,"(1, 2, 5, 11, 20)",False,False,0,0,0,0,agree_infeasible
325,"(1, 2, 5, 12, 13)",False,False,0,0,0,0,agree_infeasible
326,"(1, 2, 5, 12, 14)",False,False,0,0,0,0,agree_infeasible
327,"(1, 2, 5, 12, 15)",False,False,0,0,0,0,agree_infeasible
328,"(1, 2, 5, 12, 16)",False,False,0,0,0,0,agree_infeasible
329,"(1, 2, 5, 12, 17)",False,False,0,0,0,0,agree_infeasible
330,"(1, 2, 5, 12, 18)",False,False,0,0,0,0,agree_infeasible
331,"(1, 2, 5, 12, 19)",False,False,0,0,0,0,agree_infeasible
332,"(1, 2, 5, 12, 20)",False,False,0,0,0,0,agree_infeasible
333,"(1, 2, 5, 13, 14)",False,False,0,0,0,0,agree_infeasible
334,"(1, 2, 5, 13, 15)",False,False,0,0,0,0,agree_infeasible
335,"(1, 2, 5, 13, 16)",False,False,0,0,0,0,agree_infeasible
336,"(1, 2, 5, 13, 17)",False,False,0,0,0,0,agree_infeasible
337,"(1, 2, 5, 13, 18)",False,False,0,0,0,0,agree_infeasible
338,"(1, 2, 5, 13, 19)",False,False,0,0,0,0,agree_infeasible
339,"(1, 2, 5, 13, 20)",False,False,0,0,0,0,agree_infeasible
340,"(1, 2, 5, 14, 15)",False,False,0,0,0,0,agree_infeasible
341,"(1, 2, 5, 14, 16)",False,False,0,0,0,0,agree_infeasible
342,"(1, 2, 5, 14, 17)",False,False,0,0,0,0,agree_infeasible
343,"(1, 2, 5, 14, 18)",False,False,0,0,0,0,agree_infeasible
344,"(1, 2, 5, 14, 19)",False,False,0,0,0,0,agree_infeasible
345,"(1, 2, 5, 14, 20)",False,False,0,0,0,0,agree_infeasible
346,"(1, 2, 5, 15, 16)",False,False,0,0,0,0,agree_infeasible
347,"(1, 2, 5, 15, 17)",False,False,0,0,0,0,agree_infeasible
348,"(1, 2, 5, 15, 18)",False,False,0,0,0,0,agree_infeasible
349,"(1, 2, 5, 15, 19)",False,False,0,0,0,0,agree_infeasible
350,"(1, 2, 5, 15, 20)",False,False,0,0,0,0,agree_infeasible
351,"(1, 2, 5, 16, 17)",False,False,0,0,0,0,agree_infeasible
352,"(1, 2, 5, 16, 18)",False,False,0,0,0,0,agree_infeasible
353,"(1, 2, 5, 16, 19)",False,False,0,0,0,0,agree_infeasible
354,"(1, 2, 5, 16, 20)",False,False,0,0,0,0,agree_infeasible
355,"(1, 2, 5, 17, 18)",False,False,0,0,0,0,agree_infeasible
356,"(1, 2, 5, 17, 19)",False,False,0,0,0,0,agree_infeasible
357,"(1, 2, 5, 17, 20)",False,False,0,0,0,0,agree_infeasible
358,"(1, 2, 5, 18, 19)",False,False,0,0,0,0,agree_infeasible
359,"(1, 2, 5, 18, 20)",False,False,0,0,0,0,agree_infeasible
360,"(1, 2, 5, 19, 20)",False,False,0,0,0,0,agree_infeasible
361,"(1, 2, 6, 7, 8)",False,False,0,0,0,0,agree_infeasible
362,"(1, 2, 6, 7, 9)",False,False,0,0,0,0,agree_infeasible
363,"(1, 2, 6, 7, 10)",False,False,0,0,0,0,agree_infeasible
364,"(1, 2, 6, 7, 11)",False,False,0,0,0,0,agree_infeasible
365,"(1, 2, 6, 7, 12)",False,False,0,0,0,0,agree_infeasible
366,"(1, 2, 6, 7, 13)",False,False,0,0,0,0,agree_infeasible
367,"(1, 2, 6, 7, 14)",False,False,0,0,0,0,agree_infeasible
368,"(1, 2, 6, 7, 15)",False,False,0,0,0,0,agree_infeasible
369,"(1, 2, 6, 7, 16)",False,False,0,0,0,0,agree_infeasible
370,"(1, 2, 6, 7, 17)",False,False,0,0,0,0,agree_infeasible
371,"(1, 2, 6, 7, 18)",False,False,0,0,0,0,agree_infeasible
372,"(1, 2, 6, 7, 19)",False,False,0,0,0,0,agree_infeasible
373,"(1, 2, 6, 7, 20)",False,False,0,0,0,0,agree_infeasible
374,"(1, 2, 6, 8, 9)",True,True,1,1,0,0,agree_feasible
375,"(1, 2, 6, 8, 10)",True,True,1,1,0,0,agree_feasible
376,"(1, 2, 6, 8, 11)",True,True,1,1,0,0,agree_feasible
377,"(1, 2, 6, 8, 12)",False,False,0,0,0,0,agree_infeasible
378,"(1, 2, 6, 8, 13)",True,True,1,1,0,0,agree_feasible
379,"(1, 2, 6, 8, 14)",True,True,1,1,0,0,agree_feasible
380,"(1, 2, 6, 8, 15)",True,True,1,1,0,0,agree_feasible
381,"(1, 2, 6, 8, 16)",True,True,1,1,0,0,agree_feasible
382,"(1, 2, 6, 8, 17)",False,False,0,0,0,0,agree_infeasible
383,"(1, 2, 6, 8, 18)",False,False,0,0,0,0,agree_infeasible
384,"(1, 2, 6, 8, 19)",True,True,1,1,0,0,agree_feasible
385,"(1, 2, 6, 8, 20)",True,True,1,1,0,0,agree_feasible
386,"(1, 2, 6, 9, 10)",False,False,0,0,0,0,agree_infeasible
387,"(1, 2, 6, 9, 11)",False,False,0,0,0,0,agree_infeasible
388,"(1, 2, 6, 9, 12)",False,False,0,0,0,0,agree_infeasible
389,"(1, 2, 6, 9, 13)",False,False,0,0,0,0,agree_infeasible
390,"(1, 2, 6, 9, 14)",False,False,0,0,0,0,agree_infeasible
391,"(1, 2, 6, 9, 15)",False,False,0,0,0,0,agree_infeasible
392,"(1, 2, 6, 9, 16)",True,True,1,1,0,0,agree_feasible
393,"(1, 2, 6, 9, 17)",False,False,0,0,0,0,agree_infeasible
394,"(1, 2, 6, 9, 18)",False,False,0,0,0,0,agree_infeasible
395,"(1, 2, 6, 9, 19)",False,False,0,0,0,0,agree_infeasible
396,"(1, 2, 6, 9, 20)",True,True,1,1,0,0,agree_feasible
397,"(1, 2, 6, 10, 11)",True,True,1,1,0,0,agree_feasible
398,"(1, 2, 6, 10, 12)",False,False,0,0,0,0,agree_infeasible
399,"(1, 2, 6, 10, 13)",False,False,0,0,0,0,agree_infeasible
400,"(1, 2, 6, 10, 14)",True,True,1,1,0,0,agree_feasible
401,"(1, 2, 6, 10, 15)",True,True,1,1,0,0,agree_feasible
402,"(1, 2, 6, 10, 16)",True,True,1,1,0,0,agree_feasible
403,"(1, 2, 6, 10, 17)",False,False,0,0,0,0,agree_infeasible
404,"(1, 2, 6, 10, 18)",True,True,1,1,0,0,agree_feasible
405,"(1, 2, 6, 10, 19)",True,True,1,1,0,0,agree_feasible
406,"(1, 2, 6, 10, 20)",True,True,1,1,0,0,agree_feasible
407,"(1, 2, 6, 11, 12)",False,False,0,0,0,0,agree_infeasible
408,"(1, 2, 6, 11, 13)",True,True,1,1,0,0,agree_feasible
409,"(1, 2, 6, 11, 14)",True,True,1,1,0,0,agree_feasible
410,"(1, 2, 6, 11, 15)",True,True,1,1,0,0,agree_feasible
411,"(1, 2, 6, 11, 16)",False,False,0,0,0,0,agree_infeasible
412,"(1, 2, 6, 11, 17)",False,False,0,0,0,0,agree_infeasible
413,"(1, 2, 6, 11, 18)",False,False,0,0,0,0,agree_infeasible
414,"(1, 2, 6, 11, 19)",True,True,1,1,0,0,agree_feasible
415,"(1, 2, 6, 11, 20)",False,False,0,0,0,0,agree_infeasible
416,"(1, 2, 6, 12, 13)",False,False,0,0,0,0,agree_infeasible
417,"(1, 2, 6, 12, 14)",False,False,0,0,0,0,agree_infeasible
418,"(1, 2, 6, 12, 15)",False,False,0,0,0,0,agree_infeasible
419,"(1, 2, 6, 12, 16)",False,False,0,0,0,0,agree_infeasible
420,"(1, 2, 6, 12, 17)",False,False,0,0,0,0,agree_infeasible
421,"(1, 2, 6, 12, 18)",False,False,0,0,0,0,agree_infeasible
422,"(1, 2, 6, 12, 19)",False,False,0,0,0,0,agree_infeasible
423,"(1, 2, 6, 12, 20)",False,False,0,0,0,0,agree_infeasible
424,"(1, 2, 6, 13, 14)",False,False,0,0,0,0,agree_infeasible
425,"(1, 2, 6, 13, 15)",False,False,0,0,0,0,agree_infeasible
426,"(1, 2, 6, 13, 16)",False,False,0,0,0,0,agree_infeasible
427,"(1, 2, 6, 13, 17)",False,False,0,0,0,0,agree_infeasible
428,"(1, 2, 6, 13, 18)",True,True,1,1,0,0,agree_feasible
429,"(1, 2, 6, 13, 19)",True,True,1,1,0,0,agree_feasible
430,"(1, 2, 6, 13, 20)",False,False,0,0,0,0,agree_infeasible
431,"(1, 2, 6, 14, 15)",True,True,1,1,0,0,agree_feasible
432,"(1, 2, 6, 14, 16)",False,False,0,0,0,0,agree_infeasible
433,"(1, 2, 6, 14, 17)",False,False,0,0,0,0,agree_infeasible
434,"(1, 2, 6, 14, 18)",True,True,1,1,0,0,agree_feasible
435,"(1, 2, 6, 14, 19)",True,True,1,1,0,0,agree_feasible
436,"(1, 2, 6, 14, 20)",False,False,0,0,0,0,agree_infeasible
437,"(1, 2, 6, 15, 16)",False,False,0,0,0,0,agree_infeasible
438,"(1, 2, 6, 15, 17)",False,False,0,0,0,0,agree_infeasible
439,"(1, 2, 6, 15, 18)",True,True,1,1,0,0,agree_feasible
440,"(1, 2, 6, 15, 19)",True,True,1,1,0,0,agree_feasible
441,"(1, 2, 6, 15, 20)",False,False,0,0,0,0,agree_infeasible
442,"(1, 2, 6, 16, 17)",False,False,0,0,0,0,agree_infeasible
443,"(1, 2, 6, 16, 18)",True,True,1,1,0,0,agree_feasible
444,"(1, 2, 6, 16, 19)",True,True,1,1,0,0,agree_feasible
445,"(1, 2, 6, 16, 20)",True,True,1,1,0,0,agree_feasible
446,"(1, 2, 6, 17, 18)",False,False,0,0,0,0,agree_infeasible
447,"(1, 2, 6, 17, 19)",False,False,0,0,0,0,agree_infeasible
448,"(1, 2, 6, 17, 20)",False,False,0,0,0,0,agree_infeasible
449,"(1, 2, 6, 18, 19)",True,True,1,1,0,0,agree_feasible
450,"(1, 2, 6, 18, 20)",True,True,1,1,0,0,agree_feasible
451,"(1, 2, 6, 19, 20)",True,True,1,1,0,0,agree_feasible
452,"(1, 2, 7, 8, 9)",False,False,0,0,0,0,agree_infeasible
453,"(1, 2, 7, 8, 10)",False,False,0,0,0,0,agree_infeasible
454,"(1, 2, 7, 8, 11)",False,False,0,0,0,0,agree_infeasible
455,"(1, 2, 7, 8, 12)",False,False,0,0,0,0,agree_infeasible
456,"(1, 2, 7, 8, 13)",False,False,0,0,0,0,agree_infeasible
457,"(1, 2, 7, 8, 14)",False,False,0,0,0,0,agree_infeasible
458,"(1, 2, 7, 8, 15)",False,False,0,0,0,0,agree_infeasible
459,"(1, 2, 7, 8, 16)",False,False,0,0,0,0,agree_infeasible
460,"(1, 2, 7, 8, 17)",False,False,0,0,0,0,agree_infeasible
461,"(1, 2, 7, 8, 18)",False,False,0,0,0,0,agree_infeasible
462,"(1, 2, 7, 8, 19)",False,False,0,0,0,0,agree_infeasible
463,"(1, 2, 7, 8, 20)",False,False,0,0,0,0,agree_infeasible
464,"(1, 2, 7, 9, 10)",False,False,0,0,0,0,agree_infeasible
465,"(1, 2, 7, 9, 11)",False,False,0,0,0,0,agree_infeasible
466,"(1, 2, 7, 9, 12)",False,False,0,0,0,0,agree_infeasible
467,"(1, 2, 7, 9, 13)",False,False,0,0,0,0,agree_infeasible
468,"(1, 2, 7, 9, 14)",False,False,0,0,0,0,agree_infeasible
469,"(1, 2, 7, 9, 15)",False,False,0,0,0,0,agree_infeasible
470,"(1, 2, 7, 9, 16)",False,False,0,0,0,0,agree_infeasible
471,"(1, 2, 7, 9, 17)",False,False,0,0,0,0,agree_infeasible
472,"(1, 2, 7, 9, 18)",False,False,0,0,0,0,agree_infeasible
473,"(1, 2, 7, 9, 19)",False,False,0,0,0,0,agree_infeasible
474,"(1, 2, 7, 9, 20)",False,False,0,0,0,0,agree_infeasible
475,"(1, 2, 7, 10, 11)",False,False,0,0,0,0,agree_infeasible
476,"(1, 2, 7, 10, 12)",False,False,0,0,0,0,agree_infeasible
477,"(1, 2, 7, 10, 13)",False,False,0,0,0,0,agree_infeasible
478,"(1, 2, 7, 10, 14)",False,False,0,0,0,0,agree_infeasible
479,"(1, 2, 7, 10, 15)",False,False,0,0,0,0,agree_infeasible
480,"(1, 2, 7, 10, 16)",False,False,0,0,0,0,agree_infeasible
481,"(1, 2, 7, 10, 17)",False,False,0,0,0,0,agree_infeasible
482,"(1, 2, 7, 10, 18)",False,False,0,0,0,0,agree_infeasible
483,"(1, 2, 7, 10, 19)",False,False,0,0,0,0,agree_infeasible
484,"(1, 2, 7, 10, 20)",False,False,0,0,0,0,agree_infeasible
485,"(1, 2, 7, 11, 12)",False,False,0,0,0,0,agree_infeasible
486,"(1, 2, 7, 11, 13)",False,False,0,0,0,0,agree_infeasible
487,"(1, 2, 7, 11, 14)",False,False,0,0,0,0,agree_infeasible
488,"(1, 2, 7, 11, 15)",False,False,0,0,0,0,agree_infeasible
489,"(1, 2, 7, 11, 16)",False,False,0,0,0,0,agree_infeasible
490,"(1, 2, 7, 11, 17)",False,False,0,0,0,0,agree_infeasible
491,"(1, 2, 7, 11, 18)",False,False,0,0,0,0,agree_infeasible
492,"(1, 2, 7, 11, 19)",False,False,0,0,0,0,agree_infeasible
493,"(1, 2, 7, 11, 20)",False,False,0,0,0,0,agree_infeasible
494,"(1, 2, 7, 12, 13)",False,False,0,0,0,0,agree_infeasible
495,"(1, 2, 7, 12, 14)",False,False,0,0,0,0,agree_infeasible
496,"(1, 2, 7, 12, 15)",False,False,0,0,0,0,agree_infeasible
497,"(1, 2, 7, 12, 16)",False,False,0,0,0,0,agree_infeasible
498,"(1, 2, 7, 12, 17)",False,False,0,0,0,0,agree_infeasible
499,"(1, 2, 7, 12, 18)",False,False,0,0,0,0,agree_infeasible
500,"(1, 2, 7, 12, 19)",False,False,0,0,0,0,agree_infeasible
501,"(1, 2, 7, 12, 20)",False,False,0,0,0,0,agree_infeasible
502,"(1, 2, 7, 13, 14)",False,False,0,0,0,0,agree_infeasible
503,"(1, 2, 7, 13, 15)",False,False,0,0,0,0,agree_infeasible
504,"(1, 2, 7, 13, 16)",False,False,0,0,0,0,agree_infeasible
505,"(1, 2, 7, 13, 17)",False,False,0,0,0,0,agree_infeasible
506,"(1, 2, 7, 13, 18)",False,False,0,0,0,0,agree_infeasible
507,"(1, 2, 7, 13, 19)",False,False,0,0,0,0,agree_infeasible
508,"(1, 2, 7, 13, 20)",False,False,0,0,0,0,agree_infeasible
509,"(1, 2, 7, 14, 15)",False,False,0,0,0,0,agree_infeasible
510,"(1, 2, 7, 14, 16)",False,False,0,0,0,0,agree_infeasible
511,"(1, 2, 7, 14, 17)",False,False,0,0,0,0,agree_infeasible
512,"(1, 2, 7, 14, 18)",False,False,0,0,0,0,agree_infeasible
513,"(1, 2, 7, 14, 19)",False,False,0,0,0,0,agree_infeasible
514,"(1, 2, 7, 14, 20)",False,False,0,0,0,0,agree_infeasible
515,"(1, 2, 7, 15, 16)",False,False,0,0,0,0,agree_infeasible
516,"(1, 2, 7, 15, 17)",False,False,0,0,0,0,agree_infeasible
517,"(1, 2, 7, 15, 18)",False,False,0,0,0,0,agree_infeasible
518,"(1, 2, 7, 15, 19)",False,False,0,0,0,0,agree_infeasible
519,"(1, 2, 7, 15, 20)",False,False,0,0,0,0,agree_infeasible
520,"(1, 2, 7, 16, 17)",False,False,0,0,0,0,agree_infeasible
521,"(1, 2, 7, 16, 18)",False,False,0,0,0,0,agree_infeasible
522,"(1, 2, 7, 16, 19)",False,False,0,0,0,0,agree_infeasible
523,"(1, 2, 7, 16, 20)",False,False,0,0,0,0,agree_infeasible
524,"(1, 2, 7, 17, 18)",False,False,0,0,0,0,agree_infeasible
525,"(1, 2, 7, 17, 19)",False,False,0,0,0,0,agree_infeasible
526,"(1, 2, 7, 17, 20)",False,False,0,0,0,0,agree_infeasible
527,"(1, 2, 7, 18, 19)",False,False,0,0,0,0,agree_infeasible
528,"(1, 2, 7, 18, 20)",False,False,0,0,0,0,agree_infeasible
529,"(1, 2, 7, 19, 20)",False,False,0,0,0,0,agree_infeasible
530,"(1, 2, 8, 9, 10)",False,False,0,0,0,0,agree_infeasible
531,"(1, 2, 8, 9, 11)",False,False,0,0,0,0,agree_infeasible
532,"(1, 2, 8, 9, 12)",False,False,0,0,0,0,agree_infeasible
533,"(1, 2, 8, 9, 13)",False,False,0,0,0,0,agree_infeasible
534,"(1, 2, 8, 9, 14)",False,False,0,0,0,0,agree_infeasible
535,"(1, 2, 8, 9, 15)",False,False,0,0,0,0,agree_infeasible
536,"(1, 2, 8, 9, 17)",False,False,0,0,0,0,agree_infeasible
537,"(1, 2, 8, 9, 18)",False,False,0,0,0,0,agree_infeasible
538,"(1, 2, 8, 9, 19)",False,False,0,0,0,0,agree_infeasible
539,"(1, 2, 8, 9, 20)",True,True,1,1,0,0,agree_feasible
540,"(1, 2, 8, 10, 11)",True,True,1,1,0,0,agree_feasible
541,"(1, 2, 8, 10, 12)",False,False,0,0,0,0,agree_infeasible
542,"(1, 2, 8, 10, 13)",False,False,0,0,0,0,agree_infeasible
543,"(1, 2, 8, 10, 14)",True,True,1,1,0,0,agree_feasible
544,"(1, 2, 8, 10, 15)",False,False,0,0,0,0,agree_infeasible
545,"(1, 2, 8, 10, 16)",False,False,0,0,0,0,agree_infeasible
546,"(1, 2, 8, 10, 17)",False,False,0,0,0,0,agree_infeasible
547,"(1, 2, 8, 10, 18)",False,False,0,0,0,0,agree_infeasible
548,"(1, 2, 8, 10, 19)",True,True,1,1,0,0,agree_feasible
549,"(1, 2, 8, 10, 20)",False,False,0,0,0,0,agree_infeasible
550,"(1, 2, 8, 11, 12)",False,False,0,0,0,0,agree_infeasible
551,"(1, 2, 8, 11, 13)",False,False,0,0,0,0,agree_infeasible
552,"(1, 2, 8, 11, 14)",False,False,0,0,0,0,agree_infeasible
553,"(1, 2, 8, 11, 15)",False,False,0,0,0,0,agree_infeasible
554,"(1, 2, 8, 11, 16)",False,False,0,0,0,0,agree_infeasible
555,"(1, 2, 8, 11, 17)",False,False,0,0,0,0,agree_infeasible
556,"(1, 2, 8, 11, 18)",False,False,0,0,0,0,agree_infeasible
557,"(1, 2, 8, 11, 19)",True,True,1,1,0,0,agree_feasible
558,"(1, 2, 8, 11, 20)",False,False,0,0,0,0,agree_infeasible
559,"(1, 2, 8, 12, 13)",False,False,0,0,0,0,agree_infeasible
560,"(1, 2, 8, 12, 14)",False,False,0,0,0,0,agree_infeasible
561,"(1, 2, 8, 12, 15)",False,False,0,0,0,0,agree_infeasible
562,"(1, 2, 8, 12, 16)",False,False,0,0,0,0,agree_infeasible
563,"(1, 2, 8, 12, 17)",False,False,0,0,0,0,agree_infeasible
564,"(1, 2, 8, 12, 18)",False,False,0,0,0,0,agree_infeasible
565,"(1, 2, 8, 12, 19)",False,False,0,0,0,0,agree_infeasible
566,"(1, 2, 8, 12, 20)",False,False,0,0,0,0,agree_infeasible
567,"(1, 2, 8, 13, 14)",False,False,0,0,0,0,agree_infeasible
568,"(1, 2, 8, 13, 15)",False,False,0,0,0,0,agree_infeasible
569,"(1, 2, 8, 13, 16)",False,False,0,0,0,0,agree_infeasible
570,"(1, 2, 8, 13, 17)",False,False,0,0,0,0,agree_infeasible
571,"(1, 2, 8, 13, 18)",False,False,0,0,0,0,agree_infeasible
572,"(1, 2, 8, 13, 19)",False,False,0,0,0,0,agree_infeasible
573,"(1, 2, 8, 13, 20)",False,False,0,0,0,0,agree_infeasible
574,"(1, 2, 8, 14, 15)",False,False,0,0,0,0,agree_infeasible
575,"(1, 2, 8, 14, 16)",False,False,0,0,0,0,agree_infeasible
576,"(1, 2, 8, 14, 17)",False,False,0,0,0,0,agree_infeasible
577,"(1, 2, 8, 14, 18)",False,False,0,0,0,0,agree_infeasible
578,"(1, 2, 8, 14, 19)",True,True,1,1,0,0,agree_feasible
579,"(1, 2, 8, 14, 20)",False,False,0,0,0,0,agree_infeasible
580,"(1, 2, 8, 15, 16)",False,False,0,0,0,0,agree_infeasible
581,"(1, 2, 8, 15, 17)",False,False,0,0,0,0,agree_infeasible
582,"(1, 2, 8, 15, 18)",False,False,0,0,0,0,agree_infeasible
583,"(1, 2, 8, 15, 19)",False,False,0,0,0,0,agree_infeasible
584,"(1, 2, 8, 15, 20)",False,False,0,0,0,0,agree_infeasible
585,"(1, 2, 8, 16, 17)",False,False,0,0,0,0,agree_infeasible
586,"(1, 2, 8, 16, 18)",False,False,0,0,0,0,agree_infeasible
587,"(1, 2, 8, 16, 19)",False,False,0,0,0,0,agree_infeasible
588,"(1, 2, 8, 16, 20)",True,True,1,1,0,0,agree_feasible
589,"(1, 2, 8, 17, 18)",False,False,0,0,0,0,agree_infeasible
590,"(1, 2, 8, 17, 19)",False,False,0,0,0,0,agree_infeasible
591,"(1, 2, 8, 17, 20)",False,False,0,0,0,0,agree_infeasible
592,"(1, 2, 8, 18, 19)",False,False,0,0,0,0,agree_infeasible
593,"(1, 2, 8, 18, 20)",False,False,0,0,0,0,agree_infeasible
594,"(1, 2, 8, 19, 20)",False,False,0,0,0,0,agree_infeasible
595,"(1, 2, 9, 10, 11)",False,False,0,0,0,0,agree_infeasible
596,"(1, 2, 9, 10, 12)",False,False,0,0,0,0,agree_infeasible
597,"(1, 2, 9, 10, 13)",False,False,0,0,0,0,agree_infeasible
598,"(1, 2, 9, 10, 14)",False,False,0,0,0,0,agree_infeasible
599,"(1, 2, 9, 10, 15)",False,False,0,0,0,0,agree_infeasible
600,"(1, 2, 9, 10, 16)",False,False,0,0,0,0,agree_infeasible
601,"(1, 2, 9, 10, 17)",False,False,0,0,0,0,agree_infeasible
602,"(1, 2, 9, 10, 18)",False,False,0,0,0,0,agree_infeasible
603,"(1, 2, 9, 10, 19)",False,False,0,0,0,0,agree_infeasible
604,"(1, 2, 9, 10, 20)",False,False,0,0,0,0,agree_infeasible
605,"(1, 2, 9, 11, 12)",False,False,0,0,0,0,agree_infeasible
606,"(1, 2, 9, 11, 13)",False,False,0,0,0,0,agree_infeasible
607,"(1, 2, 9, 11, 14)",False,False,0,0,0,0,agree_infeasible
608,"(1, 2, 9, 11, 15)",False,False,0,0,0,0,agree_infeasible
609,"(1, 2, 9, 11, 16)",False,False,0,0,0,0,agree_infeasible
610,"(1, 2, 9, 11, 17)",False,False,0,0,0,0,agree_infeasible
611,"(1, 2, 9, 11, 18)",False,False,0,0,0,0,agree_infeasible
612,"(1, 2, 9, 11, 19)",False,False,0,0,0,0,agree_infeasible
613,"(1, 2, 9, 11, 20)",False,False,0,0,0,0,agree_infeasible
614,"(1, 2, 9, 12, 13)",False,False,0,0,0,0,agree_infeasible
615,"(1, 2, 9, 12, 14)",False,False,0,0,0,0,agree_infeasible
616,"(1, 2, 9, 12, 15)",False,False,0,0,0,0,agree_infeasible
617,"(1, 2, 9, 12, 16)",False,False,0,0,0,0,agree_infeasible
618,"(1, 2, 9, 12, 17)",False,False,0,0,0,0,agree_infeasible
619,"(1, 2, 9, 12, 18)",False,False,0,0,0,0,agree_infeasible
620,"(1, 2, 9, 12, 19)",False,False,0,0,0,0,agree_infeasible
621,"(1, 2, 9, 12, 20)",False,False,0,0,0,0,agree_infeasible
622,"(1, 2, 9, 13, 14)",False,False,0,0,0,0,agree_infeasible
623,"(1, 2, 9, 13, 15)",False,False,0,0,0,0,agree_infeasible
624,"(1, 2, 9, 13, 16)",False,False,0,0,0,0,agree_infeasible
625,"(1, 2, 9, 13, 17)",False,False,0,0,0,0,agree_infeasible
626,"(1, 2, 9, 13, 18)",False,False,0,0,0,0,agree_infeasible
627,"(1, 2, 9, 13, 19)",False,False,0,0,0,0,agree_infeasible
628,"(1, 2, 9, 13, 20)",False,False,0,0,0,0,agree_infeasible
629,"(1, 2, 9, 14, 15)",False,False,0,0,0,0,agree_infeasible
630,"(1, 2, 9, 14, 16)",False,False,0,0,0,0,agree_infeasible
631,"(1, 2, 9, 14, 17)",False,False,0,0,0,0,agree_infeasible
632,"(1, 2, 9, 14, 18)",False,False,0,0,0,0,agree_infeasible
633,"(1, 2, 9, 14, 19)",False,False,0,0,0,0,agree_infeasible
634,"(1, 2, 9, 14, 20)",False,False,0,0,0,0,agree_infeasible
635,"(1, 2, 9, 15, 16)",False,False,0,0,0,0,agree_infeasible
636,"(1, 2, 9, 15, 17)",False,False,0,0,0,0,agree_infeasible
637,"(1, 2, 9, 15, 18)",False,False,0,0,0,0,agree_infeasible
638,"(1, 2, 9, 15, 19)",False,False,0,0,0,0,agree_infeasible
639,"(1, 2, 9, 15, 20)",False,False,0,0,0,0,agree_infeasible
640,"(1, 2, 9, 16, 17)",False,False,0,0,0,0,agree_infeasible
641,"(1, 2, 9, 16, 18)",False,False,0,0,0,0,agree_infeasible
642,"(1, 2, 9, 16, 19)",False,False,0,0,0,0,agree_infeasible
643,"(1, 2, 9, 16, 20)",True,True,1,1,0,0,agree_feasible
644,"(1, 2, 9, 17, 18)",False,False,0,0,0,0,agree_infeasible
645,"(1, 2, 9, 17, 19)",False,False,0,0,0,0,agree_infeasible
646,"(1, 2, 9, 17, 20)",False,False,0,0,0,0,agree_infeasible
647,"(1, 2, 9, 18, 19)",False,False,0,0,0,0,agree_infeasible
648,"(1, 2, 9, 18, 20)",False,False,0,0,0,0,agree_infeasible
649,"(1, 2, 9, 19, 20)",False,False,0,0,0,0,agree_infeasible
650,"(1, 2, 10, 11, 12)",False,False,0,0,0,0,agree_infeasible
651,"(1, 2, 10, 11, 13)",False,False,0,0,0,0,agree_infeasible
652,"(1, 2, 10, 11, 14)",False,False,0,0,0,0,agree_infeasible
653,"(1, 2, 10, 11, 15)",False,False,0,0,0,0,agree_infeasible
654,"(1, 2, 10, 11, 16)",False,False,0,0,0,0,agree_infeasible
655,"(1, 2, 10, 11, 17)",False,False,0,0,0,0,agree_infeasible
656,"(1, 2, 10, 11, 18)",False,False,0,0,0,0,agree_infeasible
657,"(1, 2, 10, 11, 19)",True,True,1,1,0,0,agree_feasible
658,"(1, 2, 10, 11, 20)",False,False,0,0,0,0,agree_infeasible
659,"(1, 2, 10, 12, 13)",False,False,0,0,0,0,agree_infeasible
660,"(1, 2, 10, 12, 14)",False,False,0,0,0,0,agree_infeasible
661,"(1, 2, 10, 12, 15)",False,False,0,0,0,0,agree_infeasible
662,"(1, 2, 10, 12, 16)",False,False,0,0,0,0,agree_infeasible
663,"(1, 2, 10, 12, 17)",False,False,0,0,0,0,agree_infeasible
664,"(1, 2, 10, 12, 18)",False,False,0,0,0,0,agree_infeasible
665,"(1, 2, 10, 12, 19)",False,False,0,0,0,0,agree_infeasible
666,"(1, 2, 10, 12, 20)",False,False,0,0,0,0,agree_infeasible
667,"(1, 2, 10, 13, 14)",False,False,0,0,0,0,agree_infeasible
668,"(1, 2, 10, 13, 15)",False,False,0,0,0,0,agree_infeasible
669,"(1, 2, 10, 13, 16)",False,False,0,0,0,0,agree_infeasible
670,"(1, 2, 10, 13, 17)",False,False,0,0,0,0,agree_infeasible
671,"(1, 2, 10, 13, 18)",False,False,0,0,0,0,agree_infeasible
672,"(1, 2, 10, 13, 19)",True,True,1,1,0,0,agree_feasible
673,"(1, 2, 10, 13, 20)",False,False,0,0,0,0,agree_infeasible
674,"(1, 2, 10, 14, 15)",False,False,0,0,0,0,agree_infeasible
675,"(1, 2, 10, 14, 16)",False,False,0,0,0,0,agree_infeasible
676,"(1, 2, 10, 14, 17)",False,False,0,0,0,0,agree_infeasible
677,"(1, 2, 10, 14, 18)",False,False,0,0,0,0,agree_infeasible
678,"(1, 2, 10, 14, 19)",True,True,1,1,0,0,agree_feasible
679,"(1, 2, 10, 14, 20)",False,False,0,0,0,0,agree_infeasible
680,"(1, 2, 10, 15, 16)",False,False,0,0,0,0,agree_infeasible
681,"(1, 2, 10, 15, 17)",False,False,0,0,0,0,agree_infeasible
682,"(1, 2, 10, 15, 18)",False,False,0,0,0,0,agree_infeasible
683,"(1, 2, 10, 15, 19)",True,True,1,1,0,0,agree_feasible
684,"(1, 2, 10, 15, 20)",False,False,0,0,0,0,agree_infeasible
685,"(1, 2, 10, 16, 17)",False,False,0,0,0,0,agree_infeasible
686,"(1, 2, 10, 16, 18)",True,True,1,1,0,0,agree_feasible
687,"(1, 2, 10, 16, 19)",True,True,1,1,0,0,agree_feasible
688,"(1, 2, 10, 16, 20)",True,True,1,1,0,0,agree_feasible
689,"(1, 2, 10, 17, 18)",False,False,0,0,0,0,agree_infeasible
690,"(1, 2, 10, 17, 19)",False,False,0,0,0,0,agree_infeasible
691,"(1, 2, 10, 17, 20)",False,False,0,0,0,0,agree_infeasible
692,"(1, 2, 10, 18, 19)",True,True,1,1,0,0,agree_feasible
693,"(1, 2, 10, 18, 20)",True,True,1,1,0,0,agree_feasible
694,"(1, 2, 10, 19, 20)",True,True,1,1,0,0,agree_feasible
695,"(1, 2, 11, 12, 13)",False,False,0,0,0,0,agree_infeasible
696,"(1, 2, 11, 12, 14)",False,False,0,0,0,0,agree_infeasible
697,"(1, 2, 11, 12, 15)",False,False,0,0,0,0,agree_infeasible
698,"(1, 2, 11, 12, 16)",False,False,0,0,0,0,agree_infeasible
699,"(1, 2, 11, 12, 17)",False,False,0,0,0,0,agree_infeasible
700,"(1, 2, 11, 12, 18)",False,False,0,0,0,0,agree_infeasible
701,"(1, 2, 11, 12, 19)",False,False,0,0,0,0,agree_infeasible
702,"(1, 2, 11, 12, 20)",False,False,0,0,0,0,agree_infeasible
703,"(1, 2, 11, 13, 14)",False,False,0,0,0,0,agree_infeasible
704,"(1, 2, 11, 13, 15)",False,False,0,0,0,0,agree_infeasible
705,"(1, 2, 11, 13, 16)",False,False,0,0,0,0,agree_infeasible
706,"(1, 2, 11, 13, 17)",False,False,0,0,0,0,agree_infeasible
707,"(1, 2, 11, 13, 18)",False,False,0,0,0,0,agree_infeasible
708,"(1, 2, 11, 13, 19)",False,False,0,0,0,0,agree_infeasible
709,"(1, 2, 11, 13, 20)",False,False,0,0,0,0,agree_infeasible
710,"(1, 2, 11, 14, 15)",True,True,1,1,0,0,agree_feasible
711,"(1, 2, 11, 14, 16)",False,False,0,0,0,0,agree_infeasible
712,"(1, 2, 11, 14, 17)",False,False,0,0,0,0,agree_infeasible
713,"(1, 2, 11, 14, 18)",False,False,0,0,0,0,agree_infeasible
714,"(1, 2, 11, 14, 19)",True,True,1,1,0,0,agree_feasible
715,"(1, 2, 11, 14, 20)",False,False,0,0,0,0,agree_infeasible
716,"(1, 2, 11, 15, 16)",False,False,0,0,0,0,agree_infeasible
717,"(1, 2, 11, 15, 17)",False,False,0,0,0,0,agree_infeasible
718,"(1, 2, 11, 15, 18)",False,False,0,0,0,0,agree_infeasible
719,"(1, 2, 11, 15, 19)",False,False,0,0,0,0,agree_infeasible
720,"(1, 2, 11, 15, 20)",False,False,0,0,0,0,agree_infeasible
721,"(1, 2, 11, 16, 17)",False,False,0,0,0,0,agree_infeasible
722,"(1, 2, 11, 16, 18)",False,False,0,0,0,0,agree_infeasible
723,"(1, 2, 11, 16, 19)",False,False,0,0,0,0,agree_infeasible
724,"(1, 2, 11, 16, 20)",True,True,1,1,0,0,agree_feasible
725,"(1, 2, 11, 17, 18)",False,False,0,0,0,0,agree_infeasible
726,"(1, 2, 11, 17, 19)",False,False,0,0,0,0,agree_infeasible
727,"(1, 2, 11, 17, 20)",False,False,0,0,0,0,agree_infeasible
728,"(1, 2, 11, 18, 19)",False,False,0,0,0,0,agree_infeasible
729,"(1, 2, 11, 18, 20)",False,False,0,0,0,0,agree_infeasible
730,"(1, 2, 11, 19, 20)",False,False,0,0,0,0,agree_infeasible
731,"(1, 2, 12, 13, 14)",False,False,0,0,0,0,agree_infeasible
732,"(1, 2, 12, 13, 15)",False,False,0,0,0,0,agree_infeasible
733,"(1, 2, 12, 13, 16)",False,False,0,0,0,0,agree_infeasible
734,"(1, 2, 12, 13, 17)",False,False,0,0,0,0,agree_infeasible
735,"(1, 2, 12, 13, 18)",False,False,0,0,0,0,agree_infeasible
736,"(1, 2, 12, 13, 19)",False,False,0,0,0,0,agree_infeasible
737,"(1, 2, 12, 13, 20)",False,False,0,0,0,0,agree_infeasible
738,"(1, 2, 12, 14, 15)",False,False,0,0,0,0,agree_infeasible
739,"(1, 2, 12, 14, 16)",False,False,0,0,0,0,agree_infeasible
740,"(1, 2, 12, 14, 17)",False,False,0,0,0,0,agree_infeasible
741,"(1, 2, 12, 14, 18)",False,False,0,0,0,0,agree_infeasible
742,"(1, 2, 12, 14, 19)",False,False,0,0,0,0,agree_infeasible
743,"(1, 2, 12, 14, 20)",False,False,0,0,0,0,agree_infeasible
744,"(1, 2, 12, 15, 16)",False,False,0,0,0,0,agree_infeasible
745,"(1, 2, 12, 15, 17)",False,False,0,0,0,0,agree_infeasible
746,"(1, 2, 12, 15, 18)",False,False,0,0,0,0,agree_infeasible
747,"(1, 2, 12, 15, 19)",False,False,0,0,0,0,agree_infeasible
748,"(1, 2, 12, 15, 20)",False,False,0,0,0,0,agree_infeasible
749,"(1, 2, 12, 16, 17)",False,False,0,0,0,0,agree_infeasible
750,"(1, 2, 12, 16, 18)",False,False,0,0,0,0,agree_infeasible
751,"(1, 2, 12, 16, 19)",False,False,0,0,0,0,agree_infeasible
752,"(1, 2, 12, 16, 20)",False,False,0,0,0,0,agree_infeasible
753,"(1, 2, 12, 17, 18)",False,False,0,0,0,0,agree_infeasible
754,"(1, 2, 12, 17, 19)",False,False,0,0,0,0,agree_infeasible
755,"(1, 2, 12, 17, 20)",False,False,0,0,0,0,agree_infeasible
756,"(1, 2, 12, 18, 19)",False,False,0,0,0,0,agree_infeasible
757,"(1, 2, 12, 18, 20)",False,False,0,0,0,0,agree_infeasible
758,"(1, 2, 12, 19, 20)",False,False,0,0,0,0,agree_infeasible
759,"(1, 2, 13, 14, 15)",False,False,0,0,0,0,agree_infeasible
760,"(1, 2, 13, 14, 16)",False,False,0,0,0,0,agree_infeasible
761,"(1, 2, 13, 14, 17)",False,False,0,0,0,0,agree_infeasible
762,"(1, 2, 13, 14, 18)",False,False,0,0,0,0,agree_infeasible
763,"(1, 2, 13, 14, 19)",False,False,0,0,0,0,agree_infeasible
764,"(1, 2, 13, 14, 20)",False,False,0,0,0,0,agree_infeasible
765,"(1, 2, 13, 15, 16)",False,False,0,0,0,0,agree_infeasible
766,"(1, 2, 13, 15, 17)",False,False,0,0,0,0,agree_infeasible
767,"(1, 2, 13, 15, 18)",False,False,0,0,0,0,agree_infeasible
768,"(1, 2, 13, 15, 19)",False,False,0,0,0,0,agree_infeasible
769,"(1, 2, 13, 15, 20)",False,False,0,0,0,0,agree_infeasible
770,"(1, 2, 13, 16, 17)",False,False,0,0,0,0,agree_infeasible
771,"(1, 2, 13, 16, 18)",False,False,0,0,0,0,agree_infeasible
772,"(1, 2, 13, 16, 19)",False,False,0,0,0,0,agree_infeasible
773,"(1, 2, 13, 16, 20)",False,False,0,0,0,0,agree_infeasible
774,"(1, 2, 13, 17, 18)",False,False,0,0,0,0,agree_infeasible
775,"(1, 2, 13, 17, 19)",False,False,0,0,0,0,agree_infeasible
776,"(1, 2, 13, 17, 20)",False,False,0,0,0,0,agree_infeasible
777,"(1, 2, 13, 18, 19)",False,False,0,0,0,0,agree_infeasible
778,"(1, 2, 13, 18, 20)",False,False,0,0,0,0,agree_infeasible
779,"(1, 2, 13, 19, 20)",False,False,0,0,0,0,agree_infeasible
780,"(1, 2, 14, 15, 16)",False,False,0,0,0,0,agree_infeasible
781,"(1, 2, 14, 15, 17)",False,False,0,0,0,0,agree_infeasible
782,"(1, 2, 14, 15, 18)",False,False,0,0,0,0,agree_infeasible
783,"(1, 2, 14, 15, 19)",False,False,0,0,0,0,agree_infeasible
784,"(1, 2, 14, 15, 20)",False,False,0,0,0,0,agree_infeasible
785,"(1, 2, 14, 16, 17)",False,False,0,0,0,0,agree_infeasible
786,"(1, 2, 14, 16, 18)",False,False,0,0,0,0,agree_infeasible
787,"(1, 2, 14, 16, 19)",False,False,0,0,0,0,agree_infeasible
788,"(1, 2, 14, 16, 20)",False,False,0,0,0,0,agree_infeasible
789,"(1, 2, 14, 17, 18)",False,False,0,0,0,0,agree_infeasible
790,"(1, 2, 14, 17, 19)",False,False,0,0,0,0,agree_infeasible
791,"(1, 2, 14, 17, 20)",False,False,0,0,0,0,agree_infeasible
792,"(1, 2, 14, 18, 19)",False,False,0,0,0,0,agree_infeasible
793,"(1, 2, 14, 18, 20)",False,False,0,0,0,0,agree_infeasible
794,"(1, 2, 14, 19, 20)",False,False,0,0,0,0,agree_infeasible
795,"(1, 2, 15, 16, 17)",False,False,0,0,0,0,agree_infeasible
796,"(1, 2, 15, 16, 18)",False,False,0,0,0,0,agree_infeasible
797,"(1, 2, 15, 16, 19)",False,False,0,0,0,0,agree_infeasible
798,"(1, 2, 15, 16, 20)",False,False,0,0,0,0,agree_infeasible
799,"(1, 2, 15, 17, 18)",False,False,0,0,0,0,agree_infeasible
800,"(1, 2, 15, 17, 19)",False,False,0,0,0,0,agree_infeasible
801,"(1, 2, 15, 17, 20)",False,False,0,0,0,0,agree_infeasible
802,"(1, 2, 15, 18, 19)",False,False,0,0,0,0,agree_infeasible
803,"(1, 2, 15, 18, 20)",False,False,0,0,0,0,agree_infeasible
804,"(1, 2, 15, 19, 20)",False,False,0,0,0,0,agree_infeasible
805,"(1, 2, 16, 17, 18)",False,False,0,0,0,0,agree_infeasible
806,"(1, 2, 16, 17, 19)",False,False,0,0,0,0,agree_infeasible
807,"(1, 2, 16, 17, 20)",False,False,0,0,0,0,agree_infeasible
808,"(1, 2, 16, 18, 19)",False,False,0,0,0,0,agree_infeasible
809,"(1, 2, 16, 18, 20)",True,True,1,1,0,0,agree_feasible
810,"(1, 2, 16, 19, 20)",True,True,1,1,0,0,agree_feasible
811,"(1, 2, 17, 18, 19)",False,False,0,0,0,0,agree_infeasible
812,"(1, 2, 17, 18, 20)",False,False,0,0,0,0,agree_infeasible
813,"(1, 2, 17, 19, 20)",False,False,0,0,0,0,agree_infeasible
814,"(1, 2, 18, 19, 20)",False,False,0,0,0,0,agree_infeasible
